name,album,artist,id,release_date,popularity,danceability,energy,valence,loudness,kmeans
An Audition,Suspiria (Music for the Luca Guadagnino Film),Thom Yorke,74hnCqoBekV3fj5ACDKNIP,2018-10-26,25,0.198,0.397,0.0395,-13.970999999999998,0
Exit Music (For a Film),OK Computer,Radiohead,4Na0siMtWOW9pJoWJ1Ponv,1997-05-28,67,0.293,0.276,0.196,-11.353,0
Exit Music (For a Film) - Remastered,OK Computer OKNOTOK 1997 2017,Radiohead,0s0lnAIcclHVjQ4fITlOoU,2017-06-23,50,0.355,0.29600000000000004,0.205,-10.074,0
Fake Plastic Trees,The Bends,Radiohead,045sp2JToyTaaKyXkGejPy,1995-03-28,70,0.45399999999999996,0.22899999999999998,0.134,-12.592,0
Lucky,OK Computer,Radiohead,6n7GUf2h8D2Ad2wUy5s7nE,1997-05-28,57,0.20600000000000002,0.4,0.196,-9.812999999999999,0
Lucky - Remastered,OK Computer OKNOTOK 1997 2017,Radiohead,7DqQtB1w0fHeSwjwq3IYU1,2017-06-23,45,0.233,0.45299999999999996,0.152,-9.31,0
Man of War,OK Computer OKNOTOK 1997 2017,Radiohead,552BIJ9kKwwqiGf4YojYbL,2017-06-23,52,0.27399999999999997,0.47200000000000003,0.14,-7.614,0
Morning Mr Magpie (Pearson Sound Scavenger RMX),TKOL RMX 1234567,Radiohead,7KKglMFf5KV0PIDSAOqfnH,2011-10-10,30,0.48100000000000004,0.336,0.0901,-12.43,0
No Surprises,OK Computer,Radiohead,1bSpwPhAxZwlR2enJJsv7U,1997-05-28,71,0.255,0.39299999999999996,0.11800000000000001,-10.654000000000002,0
No Surprises - Remastered,OK Computer OKNOTOK 1997 2017,Radiohead,5O3FBCAj4Y3rvPXrEmlinc,2017-06-23,49,0.27399999999999997,0.449,0.0797,-9.302999999999999,0
Polyethylene (Parts 1 & 2) - Remastered,OK Computer OKNOTOK 1997 2017,Radiohead,0QHoKFOWwMSFxB4zc5HDzG,2017-06-23,43,0.22,0.499,0.209,-8.363,0
Supercollider,Supercollider / The Butcher,Radiohead,72zeFQrDrM8rc73aJ7bJ62,2016-11-18,36,0.502,0.342,0.266,-16.705,0
TKOL (Altrice Rmx),TKOL RMX 1234567,Radiohead,66Pyms4pYaHEcPHZ7DdMbE,2011-10-10,29,0.574,0.324,0.0382,-16.645,0
The Tourist,OK Computer,Radiohead,75YUnz58ajMo2VIIuUFvOV,1997-05-28,53,0.24100000000000002,0.295,0.0398,-8.571,0
The Tourist - Remastered,OK Computer OKNOTOK 1997 2017,Radiohead,5R8pnOmAwKNh4KnvJW2paN,2017-06-23,44,0.248,0.32799999999999996,0.0398,-7.477,0
True Love Waits (Live In Oslo),I Might Be Wrong,Radiohead,6PbeGqzGdjookqESRgm1AS,2001,52,0.374,0.483,0.0639,-8.821,0
Able-Bodied Seamen,The Master: Original Motion Picture Soundtrack,Jonny Greenwood,01zvmz5rdDupDHQ0ESuAtK,2012-09-10,23,0.556,0.26899999999999996,0.24100000000000002,-13.624,0
All Eyes on You,Familial,Philip Selway,7IDrbwhj91Hd6Q0VolFYmb,2010-08-31,5,0.6509999999999999,0.21899999999999997,0.316,-16.500999999999998,0
All in All,Running Blind,Philip Selway,15TvaBHy5JB7sNWx2T2Z2I,2011-07-25,2,0.612,0.27699999999999997,0.233,-13.993,0
Barbara Rose,Phantom Thread (Original Motion Picture Soundtrack),Jonny Greenwood,0d5gyNBH2OACCDqGSxu0Dr,2018-01-12,29,0.539,0.16399999999999998,0.376,-16.621,0
Brasil,Brasil,EOB,68C3GNBXigDseAAgLMitGM,2019-12-05,36,0.358,0.40399999999999997,0.0798,-14.902000000000001,0
Broken Promises,Familial,Philip Selway,4TVIJ1IPDmWCwcxHBH6Rc8,2010-08-30,8,0.44,0.154,0.24,-16.051,0
By Some Miracle,Familial,Philip Selway,36Il4jy7AdVptgy3bpXF6L,2010-08-30,28,0.42,0.281,0.35600000000000004,-13.989,0
Clockwork Tin Soldiers,Bodysong. (Remastered),Jonny Greenwood,4QetbE27tHpZJlm7T1aJkb,2003,13,0.313,0.466,0.15,-13.694,0
Days and Nights,Let Me Go OST,Philip Selway,6A2577W5vDw5QzazxoY4tb,2017-09-15,5,0.625,0.293,0.0796,-15.083,0
Don't Go Now,Weatherhouse,Philip Selway,70L5fuyiBKaeXqz2U5cThE,2014-01-29,11,0.466,0.34299999999999997,0.21899999999999997,-9.952,0
Don't Go Now (Elysian Quartet),Weatherhouse,Philip Selway,2poHov1URRfwaY3QNWAxVn,2014-10-06,23,0.444,0.35200000000000004,0.209,-10.064,0
Don't Look Down,Familial,Philip Selway,4YtgEndwQRQyhmW4oGxhaf,2010-08-30,7,0.368,0.293,0.19399999999999998,-14.148,0
Don't Sit Under the Apple Tree (with Anyone Else but Me) (feat. Madisen Beaty),The Master: Original Motion Picture Soundtrack,Jonny Greenwood,4Ps9BJFQfaVGXSEaf3MicZ,2012-09-10,18,0.562,0.0673,0.273,-22.471,0
Drawn to the Light,Weatherhouse,Philip Selway,0UvmMGxOggpnjfSlb0YbRw,2014-01-29,0,0.478,0.42,0.13699999999999998,-11.677,0
Every Spit and Cough,Running Blind,Philip Selway,4AXn1BifBKdC1yedmAJGdC,2011-07-25,2,0.317,0.32899999999999996,0.441,-11.376,0
Falling,Familial,Philip Selway,39SheqV8APngFn6bDwl0Gh,2010-08-30,8,0.45299999999999996,0.183,0.165,-15.287,0
Iron Swallow,Bodysong. (Remastered),Jonny Greenwood,371udvSkYKcpe21308wEmX,2003,15,0.221,0.233,0.0808,-11.594000000000001,0
Let Me Go,Let Me Go OST,Philip Selway,1DbFKhneu8xfI5wwr1N9rn,2017-09-15,9,0.24600000000000002,0.295,0.124,-12.197000000000001,0
Long Time Coming,Earth,EOB,1rLQ5csdpZJU01baSqP4uI,2020-04-17,36,0.38799999999999996,0.392,0.36200000000000004,-14.748,0
"Mary, Mary So Contrary",Norwegian Wood OST,Jonny Greenwood,6sC8vGoPVzGroZF4hTi3rD,2011-01-28,0,0.256,0.444,0.25,-8.985,0
Miles Away,Weatherhouse,Philip Selway,0QjJK7vCJeiZTzo5iOp8MV,2014-10-06,10,0.564,0.355,0.0301,-11.07,0
No Other Love (feat. Jo Stafford),The Master: Original Motion Picture Soundtrack,Jonny Greenwood,1P5y5njqYWr5qXnvSTKTij,2012-09-10,37,0.418,0.0585,0.23600000000000002,-15.772,0
Oil,There Will Be Blood (Music from the Motion Picture),Jonny Greenwood,2AfRHkNaHtH6HvLy5GVxD5,2007-12-18,22,0.17800000000000002,0.24600000000000002,0.0334,-14.327,0
Patron Saint,Familial,Philip Selway,2dS1x4rU5cQXa9PGcYRqYd,2010-08-30,9,0.563,0.231,0.302,-15.73,0
Sail On,Earth,EOB,2f2YpU0kf9qbx7X4c2X2L8,2020-04-17,34,0.254,0.327,0.0667,-17.022000000000002,0
Sandy's Necklace,You Were Never Really Here (Original Motion Picture Soundtrack),Jonny Greenwood,0ALbrndx47oHMD4U3OEiS2,2018-03-09,20,0.452,0.441,0.0473,-10.280999999999999,0
"Sougen, Kaze, Zoukibayashi",Norwegian Wood OST,Jonny Greenwood,24WVRAzoX8ouWVighCD4hw,2011-01-28,13,0.22899999999999998,0.151,0.0345,-26.405,0
The Ties That Bind Us,Familial,Philip Selway,6tiD4hltMhMoS3JznXS863,2010-08-31,4,0.602,0.29100000000000004,0.209,-13.220999999999998,0
The Witching Hour,Familial,Philip Selway,11wNAKo3C9cXag13G9XhUN,2010-08-30,8,0.331,0.111,0.149,-17.262999999999998,0
Three Miniatures From Water,Octatonic Volume 2,Jonny Greenwood,1Ycp1vB4QduvwaKRnDogUM,2019-09-24,15,0.16699999999999998,0.126,0.0614,-20.541999999999998,0
Wide Open,Let Me Go OST,Philip Selway,3k3OIHLBNefcM7GeyMUYla,2017-09-15,7,0.662,0.205,0.0647,-15.880999999999998,0
4 Minute Warning,In Rainbows (Disk 2),Radiohead,1w8QCSDH4QobcQeT4uMKLm,2007-12-03,49,0.354,0.302,0.223,-13.078,0
A Choir of One,Suspiria (Music for the Luca Guadagnino Film),Thom Yorke,4vDpCHuGRqj11E3u6vazVy,2018-10-26,27,0.185,0.11199999999999999,0.0271,-22.154,0
A Conversation With Just Your Eyes,Suspiria Unreleased Material,Thom Yorke,4vEHL1NERvbnSgqBOPEzdB,2019-02-22,15,0.17,0.195,0.0389,-13.210999999999999,0
A Light Green,Suspiria (Music for the Luca Guadagnino Film),Thom Yorke,74oW97DE8fZLUXOQ6mLrSo,2018-10-26,30,0.254,0.218,0.0574,-20.186,0
A Rat's Nest,Spitting Feathers,Thom Yorke,0cdjhwCqWF4wJLCckN2cFP,2006-08-21,27,0.35200000000000004,0.395,0.111,-17.722,0
A Reminder - Remastered,OK Computer OKNOTOK 1997 2017,Radiohead,2WHsVjndiTbqMTWy1gfOnV,2017-06-23,41,0.306,0.5,0.139,-9.837,0
A Soft Hand Across Your Face,Suspiria (Music for the Luca Guadagnino Film),Thom Yorke,22qaM4et9ap7V54egVGJTq,2018-10-26,27,0.159,0.17300000000000001,0.0298,-13.821,0
A Storm That Took Everything,Suspiria (Music for the Luca Guadagnino Film),Thom Yorke,2EEHigRs3tEf0Nkt0C8LTc,2018-10-26,35,0.11900000000000001,0.491,0.0323,-9.855,0
Belongings Thrown in a River,Suspiria (Music for the Luca Guadagnino Film),Thom Yorke,60itNhMpJ2LnTdr4QifYnm,2018-10-26,34,0.20800000000000002,0.325,0.0365,-9.823,0
Bullet Proof ... I Wish I Was,The Bends,Radiohead,7wB2VenWR6rchtLwawreIg,1995-03-28,53,0.44799999999999995,0.359,0.0773,-13.559000000000001,0
Codex,The King Of Limbs,Radiohead,4sLGaMl33I6mcsk7u4xHAU,2011-02-18,54,0.327,0.128,0.0648,-17.535999999999998,0
Daily Battles,Daily Battles (From Motherless Brooklyn: Original Motion Picture Soundtrack),Thom Yorke,6xCBiZLbhAFAolDGkiinUF,2019-08-21,50,0.306,0.0849,0.11,-18.843,0
"Daily Battles (feat. Joe Farnsworth, Russell Hall, Isaiah J. Thompson & Jerry Weldon) - Jazz Arrangement",Daily Battles (From Motherless Brooklyn: Original Motion Picture Soundtrack),Thom Yorke,6c9Z0OpPG69o6ULaiYpMu2,2019-08-21,41,0.28300000000000003,0.0623,0.18600000000000003,-13.465,0
Dawn Chorus,ANIMA,Thom Yorke,6Ype94Pq1fdg0zogE05AfQ,2019-06-27,52,0.261,0.174,0.0393,-16.160999999999998,0
Daydreaming,Daydreaming,Radiohead,4wzidqkKngcrMqXzk6x7Qu,2016-05-06,40,0.299,0.263,0.113,-13.207,0
Desert Island Disk,A Moon Shaped Pool,Radiohead,1kBGeOp1CDUHVdbK4ergqo,2016-05-08,51,0.561,0.282,0.158,-13.241,0
Everything In Its Right Place,Kid A,Radiohead,5AiNZnMDCWwujIENPj9PV9,2000-10-01,62,0.293,0.462,0.0623,-11.412,0
Faust Arp,In Rainbows,Radiohead,5SdmtFbNOD7Qej6jFCHkOM,2007-12-28,57,0.33799999999999997,0.289,0.226,-13.479000000000001,0
Give Up The Ghost,The King Of Limbs,Radiohead,4OrGm3fBdhlXuHtRBoLUMW,2011-02-18,47,0.26,0.264,0.159,-12.279000000000002,0
Glass Eyes,A Moon Shaped Pool,Radiohead,0eZN5WsQfmNFICHuw59Zfz,2016-05-08,51,0.218,0.11,0.0616,-15.720999999999998,0
Go Slowly,In Rainbows (Disk 2),Radiohead,4gq2bc2770XvbJdEtfUbmw,2007-12-03,49,0.43,0.39299999999999996,0.0439,-8.556000000000001,0
Harry Patch (In Memory Of),Harry Patch (In Memory Of),Radiohead,7yMPuOVQEqpl7h1AQq4f2i,2016-11-11,44,0.0637,0.204,0.0559,-15.124,0
How I Made My Millions - Remastered,OK Computer OKNOTOK 1997 2017,Radiohead,6gXv8OCSgKr5ZoVYi7Q7GM,2017-06-23,46,0.251,0.243,0.247,-10.895999999999999,0
How To Disappear Completely,Kid A,Radiohead,69pwmeyvQMuHMtkCmpEWhQ,2000-10-01,61,0.168,0.302,0.205,-11.645,0
Hunting Bears,Amnesiac,Radiohead,2zYrFer4QGSQkk5aUawfHB,2001-03-12,48,0.302,0.265,0.0742,-12.203,0
I Will,Hail To the Thief,Radiohead,28VoI90xDBoKe5sP3sP5jW,2003,47,0.254,0.133,0.16899999999999998,-14.06,0
Interference,Tomorrow's Modern Boxes,Thom Yorke,2R5o3CKGdTsycMykcUTfns,2014,38,0.349,0.0917,0.0384,-17.719,0
Klemperer Walks,Suspiria (Music for the Luca Guadagnino Film),Thom Yorke,1Lf0TkErwusSrVQZ8hJedT,2018-10-26,33,0.213,0.358,0.0363,-10.157,0
Life In a Glasshouse,Amnesiac,Radiohead,29yXMFKIrY1fFY4DYBVZCu,2001-03-12,49,0.168,0.397,0.0497,-7.619,0
Like Spinning Plates (Live),I Might Be Wrong,Radiohead,2j2n2VGCMIyFaQ6ToEC0Cy,2001,41,0.27699999999999997,0.384,0.0997,-9.853,0
MK 1,In Rainbows (Disk 2),Radiohead,3gKuywOm38axM8sJGq6Laq,2007-12-03,41,0.156,0.0962,0.0389,-27.01,0
MK 2,In Rainbows (Disk 2),Radiohead,2uYSbsxAMmK1awUl06T7ix,2007-12-03,39,0.257,0.263,0.039,-15.292,0
Melatonin - Remastered,OK Computer OKNOTOK 1997 2017,Radiohead,0PXadTqt6pRNcXOEQgvPAK,2017-06-23,41,0.243,0.485,0.0528,-7.813,0
Morning Bell/Amnesiac,Amnesiac,Radiohead,3jaA0iP323UuDVVDA9sfSl,2001-03-12,45,0.325,0.42100000000000004,0.18600000000000003,-6.23,0
Motion Picture Soundtrack,Kid A,Radiohead,0COiZ7ncho2yi4HotbzgPv,2000-10-01,54,0.134,0.129,0.0435,-16.128,0
Nude,In Rainbows,Radiohead,5k7VKj1Xwy5DjO4B0PdAOb,2007-12-28,65,0.537,0.342,0.156,-9.785,0
Olga's Destruction - Volk tape,Suspiria (Music for the Luca Guadagnino Film),Thom Yorke,5fcHov0XeACU2e7tj2IFAV,2018-10-26,32,0.305,0.301,0.0363,-14.128,0
Pink Section,Tomorrow's Modern Boxes,Thom Yorke,3mZKZA8kDYdTnFk7918fRQ,2014,32,0.153,0.322,0.14800000000000002,-20.454,0
Pyramid Song,Amnesiac,Radiohead,3A9vIxzGBjEfqmDK7H9exS,2001-03-12,61,0.127,0.335,0.0686,-8.298,0
Sabbath Incantation,Suspiria (Music for the Luca Guadagnino Film),Thom Yorke,5bbnmcUHizE3TTyi1nMQ0u,2018-10-26,32,0.222,0.14400000000000002,0.0359,-19.982,0
Sail To The Moon,Hail To the Thief,Radiohead,5olWalQH1oVza5D6xJg4oX,2003,50,0.37200000000000005,0.295,0.054000000000000006,-10.949000000000002,0
Spectre,Spectre,Radiohead,6FhqMiFC6PPYXihpGTFNMC,2016-05-07,52,0.154,0.447,0.12,-8.797,0
Suspirium,Suspiria (Music for the Luca Guadagnino Film),Thom Yorke,0rlfGg5Ym6J9AA97ah7voH,2018-10-26,62,0.473,0.217,0.441,-15.662,0
Suspirium (Arr. Rimmer),Thom Yorke: Suspirium (Arr. Rimmer),Thom Yorke,0nNpa7hlxTeM163nmY7ypN,2020-07-03,39,0.163,0.0414,0.0394,-19.205,0
Suspirium Finale,Suspiria (Music for the Luca Guadagnino Film),Thom Yorke,42sIVwuCJ99eonzQelaz9n,2018-10-26,35,0.17300000000000001,0.37200000000000005,0.0356,-13.323,0
Synthesizer Speaks,Suspiria (Music for the Luca Guadagnino Film),Thom Yorke,7qQ9Zir7UT8cBeGHAHIqSJ,2018-10-26,25,0.608,0.198,0.0771,-20.212,0
The Balance of Things,Suspiria (Music for the Luca Guadagnino Film),Thom Yorke,4GFK7tdoILTIne4rGWcM77,2018-10-26,29,0.131,0.34700000000000003,0.153,-15.446,0
The Conjuring of Anke,Suspiria (Music for the Luca Guadagnino Film),Thom Yorke,1CS5g9Xg2cBZasUgrocKvP,2018-10-26,31,0.182,0.139,0.0713,-17.992,0
The Daily Mail,The Daily Mail / Staircase,Radiohead,4dHDQFENPSHTR5OxyI1JB0,2011-12-19,52,0.36,0.36200000000000004,0.159,-7.102,0
The Epilogue,Suspiria (Music for the Luca Guadagnino Film),Thom Yorke,1Ld431kjETM1EcSpuicA8d,2018-10-26,25,0.18899999999999997,0.23399999999999999,0.03,-11.475999999999999,0
The Hooks,Suspiria (Music for the Luca Guadagnino Film),Thom Yorke,2kpiu1oX1urXOdNXxUsyWo,2018-10-26,35,0.341,0.17800000000000002,0.0713,-19.541,0
The Inevitable Pull,Suspiria (Music for the Luca Guadagnino Film),Thom Yorke,0cLoy0QrAefRC2VpzazaBy,2018-10-26,31,0.14800000000000002,0.0823,0.0364,-23.8,0
The Jumps,Suspiria (Music for the Luca Guadagnino Film),Thom Yorke,11gAZWgTKHhlUeWjdI5Ejn,2018-10-26,33,0.252,0.0444,0.0567,-24.305,0
The Numbers,A Moon Shaped Pool,Radiohead,6f6pEjgfTtuRROmJ4a7Gf3,2016-05-08,51,0.282,0.37200000000000005,0.0552,-9.771,0
The Room of Compartments,Suspiria (Music for the Luca Guadagnino Film),Thom Yorke,35JU1kci4FXFjCVYqNHe5T,2018-10-26,25,0.207,0.126,0.0331,-13.001,0
The Universe is Indifferent,Suspiria (Music for the Luca Guadagnino Film),Thom Yorke,6HQdf7thegfIMbrmdnB0Dr,2018-10-26,30,0.0915,0.337,0.145,-10.905,0
The7th7th7th7thson,Suspiria Unreleased Material,Thom Yorke,5Awg2SPD4T7PT0zVdrupHZ,2019-02-22,13,0.0,0.11,0.0,-18.803,0
Thinking About You,Pablo Honey,Radiohead,3ovbSnT5NNhl1gzMcw1NRZ,1993-02-22,49,0.364,0.37,0.42100000000000004,-14.134,0
Tinker Tailor Soldier Sailor Rich Man Poor Man Beggar Man Thief,A Moon Shaped Pool,Radiohead,3cual6JOG286qZJmCxKRAT,2016-05-08,49,0.336,0.435,0.0507,-10.944,0
Treefingers,Kid A,Radiohead,4DPQvbgSM0IdX4O3HOACwL,2000-10-01,55,0.157,0.145,0.0635,-21.359,0
True Love Waits,A Moon Shaped Pool,Radiohead,01ZpFhrMMqKPVCwyqXneVp,2016-05-08,58,0.282,0.132,0.0379,-15.569,0
Truth Ray,Tomorrow's Modern Boxes,Thom Yorke,3wa4j6Ebhd1sjlnDyvd0CH,2014,38,0.311,0.185,0.152,-18.396,0
Unmade,Suspiria (Music for the Luca Guadagnino Film),Thom Yorke,3Cs3xZgZCL2vRwKTBnoAG8,2018-10-26,54,0.18600000000000003,0.3,0.0877,-12.140999999999998,0
Unmade Overtones,Suspiria Unreleased Material,Thom Yorke,74KeRHlCPtfsdymbGUS8Us,2019-02-22,15,0.179,0.00305,0.0363,-17.128,0
Untitled,Kid A,Radiohead,2YsJM80gRMAhCikUkNZT3G,2000-10-01,46,0.327,0.225,0.0766,-16.340999999999998,0
Unused Spell,Suspiria Unreleased Material,Thom Yorke,7Hku232yAwALzfusV9zCzp,2019-02-22,13,0.20800000000000002,0.35100000000000003,0.0365,-13.307,0
Videotape,In Rainbows,Radiohead,3uxhyRdWVXp7GQvERQl6fA,2007-12-28,57,0.581,0.384,0.0466,-11.195,0
Volk,Suspiria (Music for the Luca Guadagnino Film),Thom Yorke,6EjSuinYsad3T0cfYEQPcF,2018-10-26,36,0.281,0.301,0.0357,-14.517999999999999,0
Volk Spin Off v1,Suspiria Unreleased Material,Thom Yorke,3t5j564tELK5T9UdPWd5Rm,2019-02-22,12,0.363,0.611,0.0363,-18.070999999999998,0
Volk Spin Off v2,Suspiria Unreleased Material,Thom Yorke,1zhFfU5rtVxsBoVq4CGmXE,2019-02-22,11,0.152,0.000791,0.0155,-36.891999999999996,0
We Suck Young Blood,Hail To the Thief,Radiohead,53RYTfkLiyZuUZHwJC3Wmm,2003,45,0.135,0.239,0.0378,-11.075,0
You And Whose Army?,Amnesiac,Radiohead,6UFvGJalSngqprmUJd59Eo,2001-03-12,56,0.295,0.15,0.131,-10.243,0
YouWouldn'tLikeMeWhenI'mAngry,YouWouldn'tLikeMeWhenI'mAngry,Thom Yorke,1Rylwz6fFeJxxPnH650O96,2017-12-08,35,0.305,0.24100000000000002,0.061,-15.145,0
Alethia,The Master: Original Motion Picture Soundtrack,Jonny Greenwood,6YBi4P93p95BpV5EOwJ8z2,2012-09-10,23,0.257,0.0988,0.027999999999999997,-20.879,0
Alma,Phantom Thread (Original Motion Picture Soundtrack),Jonny Greenwood,5s1mZcxqYhgmlvDxg4IGwt,2018-01-12,46,0.183,0.145,0.0378,-16.939,0
Application 45 Version 1,The Master: Original Motion Picture Soundtrack,Jonny Greenwood,5nTX7RaRJ0r5YVZCOMhEhx,2012-09-10,19,0.267,0.0482,0.038,-17.563,0
Ate mo Naku Aruki Mawatta,Norwegian Wood OST,Jonny Greenwood,6ORwkgWfFKLG4FdQApvlp7,2011-01-28,10,0.184,0.0978,0.0395,-18.637,0
Atomic Healer,The Master: Original Motion Picture Soundtrack,Jonny Greenwood,7lK4A8fQZLiP2q6t9HYR8N,2012-09-10,17,0.245,0.0467,0.254,-19.789,0
Back Beyond,The Master: Original Motion Picture Soundtrack,Jonny Greenwood,1nzESJokUG6b5wFgarp1CT,2012-09-10,21,0.0862,0.141,0.0337,-17.257,0
Baton Sparks,The Master: Original Motion Picture Soundtrack,Jonny Greenwood,5VhyKehHDaD4M8cTCq22Cb,2012-09-10,17,0.147,0.205,0.134,-15.622,0
Bode Radio / Glass Light / Broken Hearts,Bodysong. (Remastered),Jonny Greenwood,6URQlhgjbhEv3t4KWRDieT,2003,10,0.304,0.23800000000000002,0.0357,-15.23,0
Boletus Felleus,Phantom Thread (Original Motion Picture Soundtrack),Jonny Greenwood,0GZzqAcZukcKU83p2gGxIL,2018-01-12,29,0.171,0.0247,0.0316,-19.722,0
Catch Hold,Phantom Thread (Original Motion Picture Soundtrack),Jonny Greenwood,6qBc4cytIP3OTdHHMSanSK,2018-01-12,30,0.17600000000000002,0.20800000000000002,0.0902,-16.597,0
Changing Partners (feat. Helen Forrest),The Master: Original Motion Picture Soundtrack,Jonny Greenwood,6wC2Ip0kZdWGYzD8v6NoaE,2012-09-10,24,0.256,0.0432,0.17800000000000002,-18.379,0
Cloak of the Night,Earth,EOB,1v6hBQYzn93cZzdhUbsJES,2020-04-17,36,0.35600000000000004,0.20800000000000002,0.0735,-15.853,0
De-Tuned Quartet,There Will Be Blood (Music from the Motion Picture),Jonny Greenwood,0IAr7r0m8t7rJkWAnVrNOH,2007-12-18,18,0.27,0.359,0.20800000000000002,-15.925999999999998,0
Don't Go Now (Elysian Quartet),Let Me Go OST,Philip Selway,0pPtEHlcKGLWdxAf2t2gBJ,2017-09-15,5,0.115,0.149,0.0374,-16.469,0
Don't Go Now - Lanterns on the Lake Remix,Don't Go Now (Lanterns on the Lake Remix),Philip Selway,0ctzqZ6aXx6jnYLOgoUiYt,2015-07-13,2,0.17,0.376,0.0737,-11.847999999999999,0
Eat Him By His Own Light,There Will Be Blood (Music from the Motion Picture),Jonny Greenwood,039wiWBm1wsd1oyHcon9Ps,2007-12-18,20,0.26899999999999996,0.182,0.0359,-13.423,0
Eat Him by His Own Light,There Will Be Blood,Jonny Greenwood,0RxmDHaqOSyajYCkPbbINU,2007-12-17,15,0.24100000000000002,0.209,0.0359,-12.35,0
Endless Superstition,Phantom Thread (Original Motion Picture Soundtrack),Jonny Greenwood,4bcDEOypNgWUyxXzu4HvF1,2018-01-12,29,0.182,0.18899999999999997,0.0372,-16.649,0
For the Hungry Boy,Phantom Thread (Original Motion Picture Soundtrack),Jonny Greenwood,6mpngqPMrJE65pevDYYMJp,2018-01-12,36,0.165,0.149,0.053,-16.404,0
Future Markets,There Will Be Blood,Jonny Greenwood,5ZiPMtJQTNjIdEAyUes1B5,2007-12-17,19,0.48700000000000004,0.272,0.08199999999999999,-13.855,0
Get Thee Behind Me Satan (feat. Ella Fitzgerald),The Master: Original Motion Picture Soundtrack,Jonny Greenwood,7nxiwoGNr9jaNyXQiqrurc,2012-09-10,26,0.258,0.114,0.0975,-15.564,0
Greenwood: 48 Responses to Polymorphia: Baton Sparks,Penderecki & Greenwood: Threnody for the Victims of Hiroshima / Popcorn Superhet Receiver / Polymorphia / 48 Responses to Polymorphia,Jonny Greenwood,5LJSQnaOV3Qs7qrV4vEZyN,2012-03-09,8,0.168,0.0702,0.0726,-20.328,0
Greenwood: 48 Responses to Polymorphia: Bridge,Penderecki & Greenwood: Threnody for the Victims of Hiroshima / Popcorn Superhet Receiver / Polymorphia / 48 Responses to Polymorphia,Jonny Greenwood,1JeIyuLL4w3SBxD06JLH5t,2012-03-09,6,0.247,0.0701,0.0459,-26.7,0
Greenwood: 48 Responses to Polymorphia: Es Is Genug,Penderecki & Greenwood: Threnody for the Victims of Hiroshima / Popcorn Superhet Receiver / Polymorphia / 48 Responses to Polymorphia,Jonny Greenwood,2ZVdvpdE5RLG1nmzdZh5Iv,2012-03-09,9,0.142,0.121,0.0751,-23.729,0
Greenwood: 48 Responses to Polymorphia: Overhang,Penderecki & Greenwood: Threnody for the Victims of Hiroshima / Popcorn Superhet Receiver / Polymorphia / 48 Responses to Polymorphia,Jonny Greenwood,2cUJuhyZWh8qH0Cidtkm2I,2012-03-09,7,0.152,0.0078,0.0293,-26.197,0
Greenwood: 48 Responses to Polymorphia: Overtones,Penderecki & Greenwood: Threnody for the Victims of Hiroshima / Popcorn Superhet Receiver / Polymorphia / 48 Responses to Polymorphia,Jonny Greenwood,3AiIaHqTAiBBwoxD4DovM8,2012-03-09,12,0.152,0.0167,0.0394,-33.878,0
Greenwood: 48 Responses to Polymorphia: Ranj,Penderecki & Greenwood: Threnody for the Victims of Hiroshima / Popcorn Superhet Receiver / Polymorphia / 48 Responses to Polymorphia,Jonny Greenwood,5cdQn8IQbtiGMOBLydkM2s,2012-03-09,8,0.16399999999999998,0.171,0.0348,-17.723,0
Greenwood: 48 Responses to Polymorphia: Scan,Penderecki & Greenwood: Threnody for the Victims of Hiroshima / Popcorn Superhet Receiver / Polymorphia / 48 Responses to Polymorphia,Jonny Greenwood,6b63eGlP9mRDRMrwgadGwf,2012-03-09,0,0.0,0.00232,0.0,-34.232,0
Greenwood: 48 Responses to Polymorphia: Three Oak Leaves,Penderecki & Greenwood: Threnody for the Victims of Hiroshima / Popcorn Superhet Receiver / Polymorphia / 48 Responses to Polymorphia,Jonny Greenwood,5a2lRXNFwq2XJuAUUupKby,2012-03-09,7,0.0586,0.0649,0.0341,-27.516,0
"Greenwood: Popcorn Superhet Receiver:, Pt. 1",Penderecki & Greenwood: Threnody for the Victims of Hiroshima / Popcorn Superhet Receiver / Polymorphia / 48 Responses to Polymorphia,Jonny Greenwood,1iMcDtoVSkkp3soq4c73VH,2012-03-09,13,0.0856,0.142,0.0318,-20.718000000000004,0
"Greenwood: Popcorn Superhet Receiver:, Pt. 2 A",Penderecki & Greenwood: Threnody for the Victims of Hiroshima / Popcorn Superhet Receiver / Polymorphia / 48 Responses to Polymorphia,Jonny Greenwood,2DiNRssV9CeYimhGoez2Of,2012-03-09,9,0.287,0.546,0.321,-21.1,0
"Greenwood: Popcorn Superhet Receiver:, Pt. 3",Penderecki & Greenwood: Threnody for the Victims of Hiroshima / Popcorn Superhet Receiver / Polymorphia / 48 Responses to Polymorphia,Jonny Greenwood,256Dv56bajzmGK8gvvwA2W,2012-03-09,9,0.182,0.126,0.0342,-23.706999999999997,0
HW / Hope of New Fields,There Will Be Blood,Jonny Greenwood,7olVgWbvxCILrkNyYMLCR2,2007-12-17,14,0.16399999999999998,0.17300000000000001,0.0349,-12.765,0
Hageshii Genchou,Norwegian Wood OST,Jonny Greenwood,0210BnjZtQiOJ1CN5uoEWg,2011-01-28,10,0.168,0.128,0.0299,-19.719,0
Helga's Theme,Let Me Go OST,Philip Selway,5YL55pDSfy9utif0EFfsfx,2017-09-15,9,0.17600000000000002,0.05,0.0352,-21.281,0
Helga's Theme (Saw),Let Me Go OST,Philip Selway,731YPOhdW9nKpNpJdpMCrn,2017-09-15,4,0.262,0.0784,0.0346,-21.155,0
Henry Plainview,There Will Be Blood (Music from the Motion Picture),Jonny Greenwood,22NQdksEjd5Xu87tx2ZWB7,2007-12-18,22,0.11699999999999999,0.2,0.025,-18.386,0
His Master's Voice,The Master: Original Motion Picture Soundtrack,Jonny Greenwood,20CxUQiAW1E9Lu5AhPdJJP,2012-09-10,16,0.19899999999999998,0.0851,0.036000000000000004,-15.35,0
House of Woodcock,Phantom Thread (Original Motion Picture Soundtrack),Jonny Greenwood,6FZDedaCzYhO4sdG3VYcHZ,2018-01-12,49,0.253,0.126,0.0355,-17.009,0
I'll Follow Tomorrow,Phantom Thread (Original Motion Picture Soundtrack),Jonny Greenwood,0t6w8UerFzkkiqWQAwQR01,2018-01-12,31,0.295,0.0589,0.0375,-30.91,0
Iiko Dakara Damattete,Norwegian Wood OST,Jonny Greenwood,0lyY0eLVmPlAcrIZJx81Sh,2011-01-28,16,0.5770000000000001,0.01,0.0751,-21.747,0
Industry,Octatonic Volume 2,Jonny Greenwood,0Mzfokg53F4x8VO8ysMzhE,2019-09-24,16,0.139,0.473,0.0306,-7.074,0
Joe's Drive,You Were Never Really Here (Original Motion Picture Soundtrack),Jonny Greenwood,1s3qmKGJWzjpC6yGHAttiX,2018-03-09,10,0.302,0.313,0.441,-9.927999999999999,0
Last Act,Let Me Go OST,Philip Selway,4AF4lm6lWlhVdqrlKBsNOG,2017-09-15,5,0.156,0.0035399999999999997,0.038,-31.334,0
Let Me Go (Rhodes),Let Me Go OST,Philip Selway,75OrCaTzmH5Ol3U2Nw7WHt,2017-09-15,4,0.22699999999999998,0.13,0.0375,-22.754,0
Mass,Earth,EOB,4HHHpq9Tl4c43nk1weKJkq,2020-04-17,36,0.478,0.382,0.141,-17.334,0
Mata Aini Kuru kara Ne,Norwegian Wood OST,Jonny Greenwood,0DmLkcQJ4DWCyypEdcHbkl,2011-01-28,15,0.0658,0.11699999999999999,0.0329,-19.997,0
Mine,Let Me Go OST,Philip Selway,1ClTOcyNefyKwQvBkdZ2dY,2017-09-15,6,0.28600000000000003,0.429,0.163,-16.839000000000002,0
Moon Mall,Bodysong. (Remastered),Jonny Greenwood,3gTRHBKEUqgBYdUDdgX6C1,2003,15,0.541,0.18899999999999997,0.0971,-16.382,0
Moon Trills,Bodysong. (Remastered),Jonny Greenwood,6jKpPisa3ve79j54gNh8Yo,2003,23,0.0865,0.361,0.0341,-14.253,0
"Mou Sukoshi Jibun no Koto, Kichinto Shitaino",Norwegian Wood OST,Jonny Greenwood,65SfWW5CAkokOiA5db51oq,2011-01-28,16,0.0906,0.0618,0.0314,-22.13,0
Mutti,Let Me Go OST,Philip Selway,4u2EHtgySODmmx3tKWOas0,2017-09-15,6,0.127,0.15,0.0329,-14.62,0
Naoko ga Shinda,Norwegian Wood OST,Jonny Greenwood,0h1sHwx64ceazRLayEdFJc,2011-01-28,10,0.16699999999999998,0.122,0.0348,-20.142,0
Necklace,Let Me Go OST,Philip Selway,0wp1a9qdwMq3o7GOhJC7ZM,2017-09-15,5,0.644,0.09300000000000001,0.0853,-20.377,0
Never Cursed,Phantom Thread (Original Motion Picture Soundtrack),Jonny Greenwood,1cbLHauRcihmaRU3ISr6ru,2018-01-12,30,0.14400000000000002,0.19,0.0323,-16.283,0
Nina Through Glass,You Were Never Really Here (Original Motion Picture Soundtrack),Jonny Greenwood,0xMiEzSs7sx1vkGgyc1CbA,2018-03-09,19,0.447,0.163,0.191,-17.384,0
Open Spaces,There Will Be Blood (Music from the Motion Picture),Jonny Greenwood,1clSpczl9DzLXuQYM5ND2i,2007-12-18,31,0.204,0.177,0.0366,-16.339000000000002,0
Overtones,The Master: Original Motion Picture Soundtrack,Jonny Greenwood,6Vq4UZSEaU0vjqguXd5TMV,2012-09-10,25,0.172,0.172,0.0864,-18.974,0
Peartree,Bodysong. (Remastered),Jonny Greenwood,3NgGoj9js0UXSqa8yNNUks,2003,11,0.142,0.172,0.0338,-18.029,0
Penderecki: Polymorphia,Penderecki & Greenwood: Threnody for the Victims of Hiroshima / Popcorn Superhet Receiver / Polymorphia / 48 Responses to Polymorphia,Jonny Greenwood,3T2w6OuypL2ou0We4jpyXt,2012-03-09,20,0.11599999999999999,0.254,0.0373,-24.136999999999997,0
Penderecki: Threnody for the Victims of Hiroshima,Penderecki & Greenwood: Threnody for the Victims of Hiroshima / Popcorn Superhet Receiver / Polymorphia / 48 Responses to Polymorphia,Jonny Greenwood,1MGfFUjIcWQ3SrTNiu3cwb,2012-03-09,20,0.162,0.21100000000000002,0.0356,-20.649,0
Phantom Thread I,Phantom Thread (Original Motion Picture Soundtrack),Jonny Greenwood,1m9AByDH4oBDz7XEm0yVjx,2018-01-12,33,0.10099999999999999,0.163,0.0307,-18.659000000000002,0
Phantom Thread II,Phantom Thread (Original Motion Picture Soundtrack),Jonny Greenwood,1RFsJY0mNqggs534WUcKUV,2018-01-12,33,0.37200000000000005,0.0706,0.135,-16.192,0
Phantom Thread III,Phantom Thread (Original Motion Picture Soundtrack),Jonny Greenwood,2Zxo3igQHMTENrgusvfUDi,2018-01-12,30,0.0865,0.353,0.0574,-11.637,0
Phantom Thread IV (feat. Daniel Pioro),Phantom Thread (Original Motion Picture Soundtrack),Jonny Greenwood,0bPTmuzLDrBK4M7IU6N5N4,2018-01-12,28,0.22,0.0578,0.41700000000000004,-15.649000000000001,0
Playground (Bass Clarinet),You Were Never Really Here (Original Motion Picture Soundtrack),Jonny Greenwood,3UJrkWDPS0O92mduceGPFi,2018-03-09,14,0.0606,0.209,0.0298,-21.374000000000002,0
Prospector's Quartet,There Will Be Blood,Jonny Greenwood,4qs2IoKjAdrU3Qy5t33P0w,2007-12-17,18,0.163,0.182,0.0374,-12.9,0
Prospectors Arrive,There Will Be Blood (Music from the Motion Picture),Jonny Greenwood,1uvAixeMRuvA7CSHLxk33r,2007-12-18,27,0.11599999999999999,0.198,0.0346,-17.4,0
Proven Lands (Intro),There Will Be Blood (Music from the Motion Picture),Jonny Greenwood,4UH5dwHCwqq0ibvj8CJ4u5,2007-12-18,18,0.155,0.33899999999999997,0.0359,-15.526,0
Quartertone Bloom,Norwegian Wood OST,Jonny Greenwood,0pu7TzxwlNUg5gFa6u5kTh,2011-01-28,10,0.0921,0.0949,0.0298,-21.961,0
Reiko,Norwegian Wood OST,Jonny Greenwood,5SsZatXXg5oHzZE6sognNo,2011-01-28,13,0.2,0.0899,0.0385,-16.506,0
Sandalwood I,Phantom Thread (Original Motion Picture Soundtrack),Jonny Greenwood,1YbKoZ8fso316rzCy7VuQh,2018-01-12,33,0.498,0.282,0.319,-16.171,0
Sandalwood II,Phantom Thread (Original Motion Picture Soundtrack),Jonny Greenwood,0PLQrSA6N7EofEPxu4Sg0U,2018-01-12,31,0.107,0.136,0.039,-15.002,0
Santa Teresa,Santa Teresa,EOB,05xWkYkbnLEKzzDOBRaQuh,2019-10-04,36,0.265,0.312,0.036000000000000004,-11.754000000000001,0
Snakecharmer,Let Me Go OST,Philip Selway,1dAybI7rIOlsZkpWyrkE9I,2017-09-15,8,0.473,0.0455,0.132,-16.781,0
Stranded the Line,There Will Be Blood (Music from the Motion Picture),Jonny Greenwood,20wqsJKQrhWlKDOzawaLS0,2007-12-18,17,0.191,0.2,0.036000000000000004,-14.027999999999999,0
Sweetness of Freddie,The Master: Original Motion Picture Soundtrack,Jonny Greenwood,33Vu7UBFmiIt648zmb4GFB,2012-09-10,20,0.0755,0.0342,0.0293,-21.065,0
Tehellet,Bodysong. (Remastered),Jonny Greenwood,3knvPJhFHkqVnjWRklVwxk,2003,11,0.0877,0.25,0.0275,-11.51,0
That's As May Be,Phantom Thread (Original Motion Picture Soundtrack),Jonny Greenwood,6cfog3Q7w2SafE5jE6i76F,2018-01-12,29,0.301,0.0676,0.0327,-23.750999999999998,0
The Hem,Phantom Thread (Original Motion Picture Soundtrack),Jonny Greenwood,705PJjJuV3KramAxvntWo0,2018-01-12,31,0.35700000000000004,0.168,0.187,-16.877,0
The Hunt,You Were Never Really Here (Original Motion Picture Soundtrack),Jonny Greenwood,5F5GsKcs3djbUj956zuLIx,2018-03-09,15,0.445,0.43200000000000005,0.0359,-11.91,0
The Split Saber,The Master: Original Motion Picture Soundtrack,Jonny Greenwood,02HYOxifFN3G4YtZGTs9Tv,2012-09-10,18,0.0837,0.10099999999999999,0.0274,-17.47,0
The Tailor of Fitzrovia,Phantom Thread (Original Motion Picture Soundtrack),Jonny Greenwood,75K5P7JN8XDqNWo1a8P8nf,2018-01-12,32,0.0841,0.11599999999999999,0.0461,-20.679000000000002,0
There Will Be Blood,There Will Be Blood (Music from the Motion Picture),Jonny Greenwood,4r4raGVrRIpgPNfxb3WXjd,2007-12-18,21,0.177,0.316,0.0471,-14.865,0
Time Hole,The Master: Original Motion Picture Soundtrack,Jonny Greenwood,3QOimHmKfSsvczPRoiJIze,2012-09-10,24,0.373,0.027000000000000003,0.0905,-17.503,0
Toki no Senrei wo Uketeinai mono wo Yomuna,Norwegian Wood OST,Jonny Greenwood,6khve9GNYhAq72Sv4Wgn3E,2011-01-28,33,0.174,0.295,0.498,-17.682000000000002,0
Tree Strings,You Were Never Really Here (Original Motion Picture Soundtrack),Jonny Greenwood,6BsCY0JefvA3auLq2vmIwy,2018-03-09,30,0.11599999999999999,0.282,0.0375,-12.449000000000002,0
Tree Synthesisers,You Were Never Really Here (Original Motion Picture Soundtrack),Jonny Greenwood,5PvkGXs9aFMtd9nqBSV0rB,2018-03-09,32,0.14800000000000002,0.29,0.0371,-15.859000000000002,0
Trench,Bodysong. (Remastered),Jonny Greenwood,31klC4u1FG9hoLMfuvR9SH,2003,13,0.358,0.499,0.145,-14.005,0
Votto,You Were Never Really Here (Original Motion Picture Soundtrack),Jonny Greenwood,5gPKR5IMQJUOfvWT2qagVu,2018-03-09,11,0.218,0.007490000000000001,0.0341,-17.098,0
Watashi wo Toru Toki wa Watashi Dake wo Totte Ne,Norwegian Wood OST,Jonny Greenwood,5xQag1kCzLssdesS8EHwSM,2011-01-28,11,0.19,0.201,0.0361,-16.2,0
YWNRH,You Were Never Really Here (Original Motion Picture Soundtrack),Jonny Greenwood,3MPIqted0pBGxaNO0tefTc,2018-03-09,12,0.256,0.233,0.0338,-15.09,0
Ywnrh,You Were Never Really Here (Original Motion Picture Soundtrack),Jonny Greenwood,38XM3DCZAfBY62oFplQMoW,2018-03-09,13,0.259,0.233,0.0337,-15.075999999999999,0
Zakopane,Let Me Go OST,Philip Selway,1IQ0eZhNCjfEybJUTvMUvt,2017-09-15,7,0.15,0.19399999999999998,0.135,-12.549000000000001,0
