name,album,artist,id,release_date,popularity,length,danceability,acousticness,energy,instrumentalness,liveness,valence,loudness,speechiness,tempo,key,time_signature
(Nice Dream),The Bends,Radiohead,4QbQ55kHcRNho6XLaPctT1,1995-03-28,55,233226,0.262,0.161,0.567,0.263,0.225,0.377,-11.075,0.0344,172.857,9,3
15 Step,In Rainbows,Radiohead,6dsq7Nt5mIFzvm5kIYNORy,2007-12-28,61,237293,0.6,0.0489,0.853,0.346,0.0934,0.847,-7.584,0.0423,94.457,1,4
2 + 2 = 5,Hail To the Thief,Radiohead,37kUGdEJJ7NaMl5LFW4EA4,2003,57,199360,0.443,0.182,0.717,5.1e-05,0.345,0.386,-5.498,0.0504,149.582,5,4
A Brain in a Bottle,Tomorrow's Modern Boxes,Thom Yorke,0ztEZNjeZQ45nMcsqYxxyc,2014,43,280439,0.787,0.373,0.558,0.766,0.112,0.431,-12.365,0.102,117.991,1,4
A Punch Up At a Wedding,Hail To the Thief,Radiohead,2LfUYXF8jfrHCfwYyf2pRj,2003,50,297333,0.603,0.0786,0.507,0.0531,0.0919,0.568,-9.965,0.0266,79.039,11,4
A Wolf At the Door,Hail To the Thief,Radiohead,66cuLvkHsW7dNkfNk6gQP9,2003,52,201333,0.48,0.265,0.675,4.23e-06,0.235,0.37,-7.134,0.029,138.784,7,3
Airbag,OK Computer,Radiohead,3OsUjkcv1C1v5udFhgRSFg,1997-05-28,58,287880,0.306,0.00792,0.872,0.8,0.261,0.648,-7.313,0.05,167.946,2,4
Airbag - Remastered,OK Computer OKNOTOK 1997 2017,Radiohead,4F4Wtw45jKohdzu9onG6WH,2017-06-23,48,283800,0.319,0.00989,0.935,0.824,0.128,0.63,-5.709,0.0548,167.677,2,4
Amok,AMOK,Atoms For Peace,2r4cSpg6mKnb8wBBN5g5hz,2013-02-25,38,324669,0.618,0.0319,0.811,0.817,0.114,0.669,-7.075,0.0428,121.943,10,4
An Audition,Suspiria (Music for the Luca Guadagnino Film),Thom Yorke,74hnCqoBekV3fj5ACDKNIP,2018-10-26,25,34458,0.198,0.0147,0.397,0.513,0.121,0.0395,-13.971,0.0429,86.788,3,4
Analyse,The Eraser,Thom Yorke,5fOOQFVHQb1M58iSYebKeW,2006-07-10,45,242786,0.56,0.107,0.841,0.0144,0.14,0.42,-8.394,0.0334,100.007,1,4
Analyse (Various Remix),The Eraser Rmxs,Thom Yorke,5kvkww23niURT9M1F9sjGs,2008,19,250173,0.726,0.0222,0.706,0.174,0.19,0.589,-7.402,0.0361,140.021,0,4
And It Rained All Night,The Eraser,Thom Yorke,0jXGA2HfX89Ofgm0F5vVjI,2006-07-10,38,255933,0.306,0.0104,0.914,0.217,0.316,0.34,-7.083,0.122,133.318,1,4
And It Rained All Night (Burial Remix),The Eraser Rmxs,Thom Yorke,70jx2rO4bbtUqlgGu96Q3X,2008,25,253200,0.688,0.464,0.959,0.154,0.107,0.676,-7.056,0.376,140.281,7,4
Anyone Can Play Guitar,Pablo Honey,Radiohead,4NUc1M0CS7b6zvWoyvibju,1993-02-22,50,217800,0.294,0.000101,0.813,0.000756,0.333,0.554,-10.772,0.0547,150.845,4,4
Atoms For Peace (Four Tet Remix),The Eraser Rmxs,Thom Yorke,2rxBZkJX2MXrsFEJrSWi27,2008,32,352266,0.622,0.294,0.629,0.85,0.114,0.73,-10.661,0.032,134.944,1,4
Backdrifts,Hail To the Thief,Radiohead,6CVdTDYoDbwYj4xn8u5Gha,2003,51,322600,0.718,0.647,0.718,0.297,0.108,0.732,-10.06,0.0786,93.065,11,4
Bangers + Mash,In Rainbows (Disk 2),Radiohead,2mAWzzAi9pdKwteyg0lNqj,2007-12-03,42,199502,0.637,0.0307,0.98,0.000657,0.601,0.65,-4.981,0.115,135.991,9,4
Before Your Very Eyes...,Before Your Very Eyes... / Magic Beanz,Atoms For Peace,5kbhsf3kdmjbzCFtTaufPd,2013-07-01,21,347781,0.554,0.118,0.801,0.842,0.0944,0.408,-11.339,0.0376,124.002,1,4
Black Star,The Bends,Radiohead,6JzzI3YxHCcjZ7MCQS2YS1,1995-03-28,55,247040,0.288,0.00312,0.555,0.0513,0.27,0.307,-7.431,0.0401,158.699,7,4
Black Swan,The Eraser,Thom Yorke,4VbV8Zyjuu1qz0QteX1wVC,2006-07-10,56,289826,0.613,0.0469,0.791,0.708,0.128,0.509,-7.293,0.0336,101.066,0,4
Black Swan (Cristian Vogel Spare Parts Remix),The Eraser Rmxs,Thom Yorke,3H4exceNzDQZd5gi0hS70f,2008,22,362000,0.655,0.0114,0.939,0.651,0.115,0.471,-8.744,0.0667,101.027,2,4
Black Swan (Vogel Bonus Beat Eraser Remix),The Eraser Rmxs,Thom Yorke,6Ee6U8v7H7REp4l0AsW7tL,2008,19,469533,0.855,0.369,0.705,0.882,0.143,0.534,-9.887,0.0667,120.014,10,4
Bloom,The King Of Limbs,Radiohead,6tLALP9mi7VbNC7s16iBRK,2011-02-18,51,313671,0.518,0.62,0.959,0.884,0.0831,0.341,-7.596,0.157,149.722,0,4
Bloom (Blawan Rmx),TKOL RMX 1234567,Radiohead,1AVrv7FD10FoKW38oBiKRg,2011-10-10,29,449493,0.582,0.00079,0.949,0.606,0.0898,0.0327,-7.958,0.154,123.999,7,4
Bloom (Harmonic 313 Rmx),TKOL RMX 1234567,Radiohead,1CxhtUbe1o2PeMM3l5Kch6,2011-10-10,32,304333,0.443,0.102,0.665,0.937,0.111,0.185,-13.055,0.0536,150.023,9,4
Bloom (Mark Pritchard Rmx),TKOL RMX 1234567,Radiohead,2H7Y8wYixrSlKJoaZ1N2yl,2011-10-10,31,367280,0.414,0.000801,0.712,0.936,0.119,0.286,-7.97,0.0325,75.007,0,4
Bloom (Objekt RMX),TKOL RMX 1234567,Radiohead,6M0NzgHVT1FL7vPIUTZlXD,2011-10-10,27,321426,0.832,0.00162,0.674,0.799,0.0933,0.237,-9.099,0.0657,123.99,1,4
Blow Out,Pablo Honey,Radiohead,6qttbImnJ5wuA8AtDKEy18,1993-02-22,45,282066,0.284,0.000465,0.719,0.382,0.24,0.289,-10.739,0.0506,141.539,11,4
Bodysnatchers,In Rainbows,Radiohead,4m0Vgr48VFaMYw0Sp1ozJu,2007-12-28,59,242293,0.343,0.00455,0.977,0.0197,0.0948,0.727,-4.993,0.0579,166.664,2,4
Bones,The Bends,Radiohead,0OT4Rhd9cw1yajN9ZxL6qL,1995-03-28,52,189000,0.358,0.00154,0.705,0.606,0.168,0.419,-8.284,0.0517,101.429,2,4
Burn the Witch,A Moon Shaped Pool,Radiohead,3pcCifdPTc2BbqmWpEhtUd,2016-05-08,57,220609,0.541,0.303,0.847,0.271,0.109,0.62,-6.52,0.0297,148.937,11,4
Climbing Up the Walls,OK Computer,Radiohead,0R332cdlS9LyE0Ge2PSlVC,1997-05-28,55,285200,0.172,0.0971,0.655,0.128,0.195,0.221,-7.476,0.042,78.653,11,4
Climbing Up the Walls - Remastered,OK Computer OKNOTOK 1997 2017,Radiohead,2Pquc3xvWghdFuf0HrjLUx,2017-06-23,45,285133,0.266,0.0929,0.633,0.482,0.185,0.227,-6.933,0.0386,66.425,11,4
Codex (Illum Sphere),TKOL RMX 1234567,Radiohead,7krim8C3DpTu1ShdoZezix,2011-10-10,30,274373,0.441,0.464,0.575,0.00509,0.387,0.0678,-10.58,0.0332,72.52,2,1
Creep,Pablo Honey,Radiohead,6b2oQwSGFkzsMtQruIWm2p,1993-02-22,82,238640,0.515,0.0102,0.43,0.000141,0.129,0.104,-9.935,0.0369,91.841,7,4
Cymbal Rush (The Field Late Night Essen Und Trinken Remix),The Eraser Rmxs,Thom Yorke,1pTo3vsa6ERI8OXN6ezA5b,2008,24,486000,0.66,0.172,0.488,0.879,0.109,0.0317,-16.641,0.0785,120.023,10,4
Default,Default / What the Eyeballs Did,Atoms For Peace,6F25XOoQ6bZsdh0Xc47ob6,2012-12-04,20,315665,0.793,0.0546,0.855,0.819,0.094,0.697,-4.863,0.0859,159.011,1,4
Dollars & Cents,Amnesiac,Radiohead,2mvmuCtmmrERnm03ULdDye,2001-03-12,45,291733,0.325,0.395,0.565,0.245,0.112,0.0881,-7.303,0.0306,138.302,7,4
Dollars & Cents (Live),I Might Be Wrong,Radiohead,3dM4EViXbO9TH5SYsvcVmj,2001,31,313000,0.261,0.343,0.71,0.162,0.901,0.237,-10.308,0.0345,139.097,6,4
Down Is The New Up,In Rainbows (Disk 2),Radiohead,6CNt7GXfOOS5Hkxu8e4vav,2007-12-03,43,299283,0.532,0.129,0.845,0.297,0.119,0.125,-6.967,0.0433,104.807,4,4
Dropped,AMOK,Atoms For Peace,3UpMuTtzhnVNQGUlfP5zfj,2013-02-25,37,297396,0.611,0.127,0.739,0.81,0.107,0.69,-5.735,0.0427,173.782,10,3
Electioneering,OK Computer,Radiohead,6PBHfI3G8MlQ8qdItoVoxL,1997-05-28,53,230626,0.185,0.00267,0.889,0.0981,0.291,0.331,-5.491,0.0743,77.555,9,4
Electioneering - Remastered,OK Computer OKNOTOK 1997 2017,Radiohead,2HpUjdaboRlwPOSZT1UZrZ,2017-06-23,44,230573,0.204,0.00248,0.951,0.111,0.267,0.44,-4.345,0.0621,78.84,9,4
Exit Music (For a Film),OK Computer,Radiohead,4Na0siMtWOW9pJoWJ1Ponv,1997-05-28,67,267186,0.293,0.229,0.276,0.119,0.167,0.196,-11.353,0.0351,121.603,7,4
Exit Music (For a Film) - Remastered,OK Computer OKNOTOK 1997 2017,Radiohead,0s0lnAIcclHVjQ4fITlOoU,2017-06-23,50,265053,0.355,0.148,0.296,0.13,0.644,0.205,-10.074,0.0321,121.599,7,4
Fake Plastic Trees,The Bends,Radiohead,045sp2JToyTaaKyXkGejPy,1995-03-28,70,290706,0.454,0.167,0.229,0.102,0.202,0.134,-12.592,0.0297,73.552,2,4
FeelingPulledApartByHorses,FeelingPulledApartByHorses,Thom Yorke,53MpsXQZGUULbdPEa90sPl,2009,31,400640,0.647,0.365,0.702,0.904,0.0741,0.538,-8.799,0.0584,103.294,6,4
Feral,The King Of Limbs,Radiohead,0eECFDnWy0RdjMmJ8NOeAL,2011-02-18,44,192742,0.49,0.00101,0.777,0.898,0.0896,0.729,-11.521,0.0974,135.991,7,4
Feral (Lone RMX),TKOL RMX 1234567,Radiohead,3zkFTfcboFcOdno0CHCmTc,2011-10-10,31,317506,0.761,0.0955,0.877,0.00018,0.611,0.222,-7.806,0.174,134.938,7,4
Ful Stop,A Moon Shaped Pool,Radiohead,4CzTgOmc3Sdm4EgKQWzjQl,2016-05-08,52,367348,0.426,0.353,0.661,0.94,0.619,0.178,-9.877,0.0503,151.191,0,3
Give Up The Ghost (Brokenchord Rmx),TKOL RMX 1234567,Radiohead,410fAd2tXU8aEb4vrGzslY,2011-10-10,29,305000,0.454,0.0418,0.615,0.0834,0.201,0.0964,-9.076,0.0912,149.942,2,4
Give Up The Ghost (Thriller Houseghost Remix),TKOL RMX 1234567,Radiohead,1gaAIZ4vGQ6QvDUgN2Xyus,2011-10-10,30,373760,0.596,0.313,0.894,0.849,0.115,0.143,-9.477,0.102,119.968,4,4
Go To Sleep,Hail To the Thief,Radiohead,6TdGeb9e2KL6RZG0VxoTMd,2003,51,201506,0.288,0.103,0.86,0.000399,0.102,0.66,-6.311,0.0393,161.194,2,4
Good Evening Mrs Magpie (Modeselektor RMX),TKOL RMX 1234567,Radiohead,0tKuiKb2mazZYdA6fPP7kI,2011-10-10,31,464440,0.774,0.0145,0.637,0.816,0.111,0.0438,-11.858,0.0641,133.079,7,4
Harrowdown Hill,The Eraser,Thom Yorke,2C3xIudHEjCIS5KT4JuM0b,2006-07-10,44,278640,0.705,0.194,0.668,0.251,0.0984,0.217,-8.426,0.0441,125.553,11,4
Harrowdown Hill (Extended Mix),Spitting Feathers,Thom Yorke,37tMM4xyX5fi5e3LTjdP5Q,2006-08-21,19,430933,0.755,0.103,0.613,0.438,0.189,0.173,-10.254,0.0557,125.584,11,4
Harrowdown Hill (The Bug Remix),The Eraser Rmxs,Thom Yorke,2jvBbSXn5aeA9rNwEtcPYA,2008,23,315840,0.534,0.00471,0.958,0.0232,0.155,0.141,-5.932,0.0644,143.999,6,4
Hearing Damage,Hearing Damage,Thom Yorke,7z8KQiJ4kclFjGGjDRkvFK,2009-10-18,56,303360,0.627,0.0477,0.86,0.851,0.109,0.144,-6.321,0.03,116.019,1,4
High And Dry,The Bends,Radiohead,5jafMI8FLibnjkYTZ33m0c,1995-03-28,73,257480,0.418,0.0718,0.383,0.0177,0.0896,0.352,-11.782,0.0257,87.773,4,4
House Of Cards,In Rainbows,Radiohead,3Jc6X15OZCCyhGSHBF4hwB,2007-12-28,63,328293,0.71,0.278,0.496,0.581,0.101,0.637,-9.638,0.0297,111.662,5,4
How Do You?,Pablo Honey,Radiohead,71wIOoaoVMUwskK5yCXZL4,1993-02-22,46,132173,0.185,0.000659,0.964,0.879,0.107,0.239,-8.316,0.084,147.362,9,4
I Can't,Pablo Honey,Radiohead,48IEDejXX5LH8TAC3VIGpc,1993-02-22,43,253093,0.284,0.00968,0.825,0.3,0.118,0.276,-10.256,0.0595,106.108,7,4
I Might Be Wrong,Amnesiac,Radiohead,0JhpYE9xA3UpSFrmXTZyIF,2001-03-12,58,293773,0.601,0.263,0.735,0.795,0.11,0.505,-8.321,0.0255,102.891,7,4
I Might Be Wrong (Live),I Might Be Wrong,Radiohead,2hWZJox4TXssEA8lNUBxPN,2001,36,292133,0.409,0.149,0.943,0.877,0.785,0.332,-8.843,0.0768,113.727,5,4
I Promise,OK Computer OKNOTOK 1997 2017,Radiohead,6V9PDDZ2pHQCUleRXvRYQ1,2017-06-23,54,239226,0.441,0.389,0.435,0.0974,0.0982,0.487,-8.457,0.0261,155.19,11,3
Identikit,A Moon Shaped Pool,Radiohead,3LhtqibvTtjOUrzKs7Vsz1,2016-05-08,52,266643,0.692,0.0635,0.458,0.516,0.136,0.35,-9.461,0.0403,150.695,11,4
Idioteque,Kid A,Radiohead,7xqeIdLJSf3bgmZ7vUvHrE,2000-10-01,59,309093,0.615,0.0352,0.931,2.37e-05,0.0914,0.53,-7.8,0.24,137.544,3,3
Idioteque (Live In Oxford),I Might Be Wrong,Radiohead,3Em5EatvVONefKtPAjXad0,2001,36,264840,0.493,0.211,0.979,0.0,0.963,0.322,-6.132,0.189,146.078,3,3
Iluvya,Spitting Feathers,Thom Yorke,1hTaPnoIphvtCMr4uVkVV7,2006-08-21,16,179866,0.613,0.0778,0.985,0.754,0.403,0.702,-6.347,0.147,143.962,10,4
Impossible Knots,ANIMA,Thom Yorke,0yOwZ2cIZAJpBKZKfSKZUI,2019-06-27,38,259920,0.218,0.172,0.675,0.919,0.132,0.53,-10.789,0.0372,96.434,1,4
Jigsaw Falling Into Place,In Rainbows,Radiohead,15ea10YpJIl3mJq75yzqsD,2007-12-28,63,248893,0.461,0.105,0.833,0.00419,0.0741,0.808,-6.082,0.0481,165.635,11,4
Judge Jury and Executioner,AMOK,Atoms For Peace,24YY8ILPDSKapND4kzP1gi,2013-02-25,35,208331,0.89,0.495,0.66,0.842,0.101,0.634,-7.706,0.11,139.132,0,1
Just,The Bends,Radiohead,4SE81CrzH0qPA8KHqM9Syz,1995-03-28,61,234800,0.291,0.000401,0.767,0.0119,0.0763,0.358,-6.913,0.0862,175.699,7,4
Karma Police,OK Computer,Radiohead,3SVAN3BRByDmHOhKyIDxfC,1997-05-28,74,264066,0.36,0.0626,0.505,9.22e-05,0.172,0.317,-9.129,0.026,74.807,7,4
Karma Police - Remastered,OK Computer OKNOTOK 1997 2017,Radiohead,24yaR0CyO2oRISmeL2AvVj,2017-06-23,49,261426,0.389,0.0397,0.577,5.23e-05,0.107,0.367,-7.578,0.0276,74.551,7,4
Kid A,Kid A,Radiohead,4x7XJOE2ml2P3o3i77466j,2000-10-01,55,284506,0.63,0.261,0.429,0.85,0.309,0.168,-15.54,0.0356,112.93,5,4
Knives Out,Amnesiac,Radiohead,2xbrMtkxp399aSiCJ8EAON,2001-03-12,57,254866,0.433,0.0911,0.675,0.293,0.159,0.184,-6.702,0.0337,137.268,2,4
Let Down,OK Computer,Radiohead,4aOAzvRdOsZSwZIgwcdeL0,1997-05-28,60,299560,0.352,0.000124,0.674,0.12,0.18,0.145,-9.018,0.031,102.489,9,4
Let Down - Remastered,OK Computer OKNOTOK 1997 2017,Radiohead,7BOXzaH1Rv9JLUgwvAkID5,2017-06-23,49,299280,0.364,8.69e-05,0.752,0.361,0.093,0.122,-7.125,0.0312,102.754,9,4
Lift,OK Computer OKNOTOK 1997 2017,Radiohead,0EbIifYAM9wTYlPzKgTwFA,2017-06-23,48,246840,0.309,0.00226,0.547,0.836,0.108,0.157,-7.752,0.0297,156.736,4,4
Little By Little,The King Of Limbs,Radiohead,4tCwsdqqG4jASHhbsMHCx0,2011-02-18,46,267154,0.619,0.427,0.886,0.411,0.212,0.604,-8.423,0.0376,115.625,4,4
Little By Little (Caribou Rmx),TKOL RMX 1234567,Radiohead,6Unw1AAcpS1ZgZoRlj2jxA,2011-10-10,39,340160,0.8,0.00822,0.586,0.773,0.0846,0.126,-9.633,0.0601,115.62,2,4
Little By Little (Shed),TKOL RMX 1234567,Radiohead,1mlpZ1Zv1CZSAVsXKQYnQY,2011-10-10,29,289893,0.344,0.0681,0.79,0.391,0.344,0.472,-9.084,0.214,173.143,10,5
Lotus Flower,The King Of Limbs,Radiohead,1amSa5xo79zINsgrpNlNge,2011-02-18,58,300219,0.721,0.0895,0.676,0.336,0.0826,0.621,-8.78,0.0321,127.997,2,4
Lotus Flower (Jacques Greene Rmx),TKOL RMX 1234567,Radiohead,5hfzW7LG97Hxv62HHUKgaj,2011-10-10,39,429946,0.629,0.0589,0.592,0.938,0.0951,0.169,-8.405,0.0327,127.982,2,4
Lotus Flower (SBTRKT RMX),TKOL RMX 1234567,Radiohead,1MheF7RyAsg9tuI6Vje9SB,2011-10-10,31,321933,0.792,0.00824,0.49,0.724,0.267,0.422,-8.229,0.0472,133.033,2,4
Lucky,OK Computer,Radiohead,6n7GUf2h8D2Ad2wUy5s7nE,1997-05-28,57,258813,0.206,0.053,0.4,0.638,0.111,0.196,-9.813,0.0324,133.442,11,4
Lucky - Remastered,OK Computer OKNOTOK 1997 2017,Radiohead,7DqQtB1w0fHeSwjwq3IYU1,2017-06-23,45,259959,0.233,0.101,0.453,0.602,0.113,0.152,-9.31,0.0331,131.644,11,4
Lurgee,Pablo Honey,Radiohead,2B5P22cfUadACK7jLQegU6,1993-02-22,43,187866,0.42,0.000135,0.548,0.399,0.111,0.408,-12.298,0.0268,101.9,0,4
Magic Beanz,Before Your Very Eyes... / Magic Beanz,Atoms For Peace,1Udj37KFsXJkbCERPfbTCD,2013-07-01,24,205113,0.344,0.355,0.951,0.639,0.101,0.18,-7.031,0.0619,87.348,7,4
Man of War,OK Computer OKNOTOK 1997 2017,Radiohead,552BIJ9kKwwqiGf4YojYbL,2017-06-23,52,269093,0.274,0.0131,0.472,0.069,0.0802,0.14,-7.614,0.0263,148.996,9,4
Meeting in the Aisle - Remastered,OK Computer OKNOTOK 1997 2017,Radiohead,5tDkjUaPiTYne5aDtg6ZUE,2017-06-23,43,187706,0.385,0.0129,0.776,0.402,0.291,0.148,-4.871,0.0316,202.052,4,4
Morning Bell (Live In Oxford),I Might Be Wrong,Radiohead,5MwVV6v5ak6NecRGXazcPJ,2001,33,254066,0.519,0.449,0.8,0.27,0.968,0.341,-7.207,0.0389,144.533,2,5
Morning Mr Magpie,The King Of Limbs,Radiohead,3wxmJSQ3Z1HfAuxeHQoZcE,2011-02-18,46,280719,0.648,0.42,0.588,0.84,0.141,0.403,-10.993,0.052,70.124,5,4
Morning Mr Magpie (Nathan Fake Rmx),TKOL RMX 1234567,Radiohead,64lecUR19lBSu317AzVZv3,2011-10-10,33,291986,0.661,0.0825,0.707,0.0772,0.117,0.846,-7.023,0.232,139.976,0,4
Morning Mr Magpie (Pearson Sound Scavenger RMX),TKOL RMX 1234567,Radiohead,7KKglMFf5KV0PIDSAOqfnH,2011-10-10,30,278893,0.481,0.0147,0.336,0.834,0.232,0.0901,-12.43,0.0674,132.035,0,3
My Iron Lung,The Bends,Radiohead,4dPKQxaraW6CG1rTBzV6DW,1995-03-28,55,276426,0.242,0.056,0.859,0.116,0.38,0.671,-8.4,0.0663,96.929,0,4
Myxomatosis,Hail To the Thief,Radiohead,38WL6GlG9NHFiQS6JxV84r,2003,48,232533,0.499,0.00018,0.815,0.721,0.299,0.57,-7.079,0.0361,99.124,7,4
No Surprises,OK Computer,Radiohead,1bSpwPhAxZwlR2enJJsv7U,1997-05-28,71,229120,0.255,0.0577,0.393,0.00361,0.113,0.118,-10.654,0.0278,76.426,5,4
No Surprises - Remastered,OK Computer OKNOTOK 1997 2017,Radiohead,5O3FBCAj4Y3rvPXrEmlinc,2017-06-23,49,228386,0.274,0.0392,0.449,0.0043,0.114,0.0797,-9.303,0.0279,76.154,5,4
Nose Grows Some,Tomorrow's Modern Boxes,Thom Yorke,0MgBSd3GVQQyK4ihtXO6LZ,2014,37,322512,0.517,0.0284,0.636,0.828,0.405,0.878,-13.75,0.0453,102.008,11,4
Not The News,ANIMA,Thom Yorke,7ypjELqhyUT3BBCws8kzKN,2019-06-27,42,237040,0.558,0.00219,0.813,0.124,0.533,0.28,-8.919,0.045,124.03,0,4
Not The News - Clark Remix,Not the News Rmx EP,Thom Yorke,2ezoMtz1cFPocOoxN8f5Ox,2019-08-02,17,372491,0.77,0.318,0.495,0.434,0.322,0.21,-6.832,0.0505,87.508,10,4
Not The News - Equiknoxx Remix Feat. Time Cow & Gavsborg,Not the News Rmx EP,Thom Yorke,3NCEIiE6td1hK0UKSvjlUC,2019-08-02,19,410895,0.638,2.02e-05,0.758,0.832,0.115,0.0463,-7.151,0.0357,134.086,5,4
Not The News - Extendo Mix,Not the News Rmx EP,Thom Yorke,4bQHxrQJbRnWoqpXvuf3jQ,2019-08-02,22,371838,0.616,0.00144,0.739,0.35,0.158,0.203,-8.684,0.0455,124.027,0,4
Not The News - Mark Pritchard Remix,Not the News Rmx EP,Thom Yorke,2Ipmxha3s61AeoZHUteMAq,2019-08-02,23,305540,0.435,0.277,0.461,0.84,0.105,0.506,-12.808,0.0759,123.922,7,4
Optimistic,Kid A,Radiohead,4DE6Wkt9fW7R5e9gJGWQim,2000-10-01,53,315973,0.403,0.0496,0.757,0.848,0.305,0.573,-9.931,0.0371,157.957,7,4
Palo Alto - Remastered,OK Computer OKNOTOK 1997 2017,Radiohead,7BFYY2EFrru8QHolUiKpEE,2017-06-23,40,231815,0.406,0.00777,0.819,0.00248,0.11,0.325,-7.825,0.0738,116.9,2,4
Paranoid Android,OK Computer,Radiohead,2nTsKOXIVGDf2iPeVQO2Gm,1997-05-28,67,387213,0.252,0.0377,0.849,0.00592,0.0545,0.194,-6.501,0.0581,163.704,5,4
Paranoid Android - Remastered,OK Computer OKNOTOK 1997 2017,Radiohead,1QgI14YcWg3tOobXjzlNMl,2017-06-23,52,383973,0.332,0.0275,0.826,0.0084,0.234,0.216,-7.269,0.0497,125.636,2,4
Pearly* - Remastered,OK Computer OKNOTOK 1997 2017,Radiohead,4ozum7awQLhJ6D6fQL5xPy,2017-06-23,41,218597,0.324,4.86e-05,0.853,0.303,0.301,0.317,-5.811,0.0475,117.705,4,4
Planet Telex,The Bends,Radiohead,05evePUsIT1cmIURp1hgu6,1995-03-28,55,259200,0.429,0.0206,0.88,0.698,0.607,0.255,-8.013,0.109,148.965,9,3
Polyethylene (Parts 1 & 2) - Remastered,OK Computer OKNOTOK 1997 2017,Radiohead,0QHoKFOWwMSFxB4zc5HDzG,2017-06-23,43,262466,0.22,0.000573,0.499,0.00122,0.171,0.209,-8.363,0.0355,148.994,2,4
Prove Yourself,Pablo Honey,Radiohead,4D6ZExVvYLZxhcAvifX5px,1993-02-22,43,145373,0.25,0.000849,0.62,0.0848,0.175,0.319,-10.915,0.0611,114.098,0,4
Pulk/Pull Revolving Doors,Amnesiac,Radiohead,4doFWLhPChHDgs89rHs5nr,2001-03-12,45,247266,0.58,5.46e-05,0.625,0.725,0.1,0.14,-12.073,0.0903,97.043,10,4
Reckoner,In Rainbows,Radiohead,56Z7hbyMrndw1naxb6I5Oi,2007-12-28,62,290213,0.518,0.511,0.656,0.156,0.0679,0.203,-7.438,0.0264,104.282,4,4
Reverse Running,AMOK,Atoms For Peace,1fnUU2RQ4I0RDn2WgXfhWV,2013-02-25,36,306423,0.419,0.0511,0.616,0.772,0.0668,0.282,-9.863,0.0477,78.301,1,4
Ripcord,Pablo Honey,Radiohead,4nklmaiY4gfQI3SB1sLGsd,1993-02-22,43,189733,0.256,1.93e-05,0.906,0.366,0.322,0.254,-10.436,0.0548,137.949,2,4
Runwayaway,ANIMA,Thom Yorke,1WQA1SHyH5aw1KUiTZKWka,2019-06-26,38,356767,0.588,0.315,0.454,0.841,0.113,0.152,-12.477,0.0308,127.021,6,4
S.A.D.,Judge Jury and Executioner / S.A.D.,Atoms For Peace,3ctDYlZOkEjmEl0zPLlwfW,2013-03-11,25,333593,0.669,0.605,0.748,0.875,0.111,0.364,-10.349,0.0404,124.97,4,4
Scatterbrain,Hail To the Thief,Radiohead,467FBnBDRfL8Hz9ktUUybj,2003,46,201706,0.492,0.0316,0.753,0.0587,0.0617,0.234,-8.617,0.0314,126.138,7,4
Separator,The King Of Limbs,Radiohead,2rA36OZNb3LkvqcNro1ugK,2011-02-18,48,319249,0.693,0.0395,0.776,0.737,0.0884,0.659,-9.804,0.056,113.808,3,4
Separator (Anstam RMX),TKOL RMX 1234567,Radiohead,2Bri2rrUY9kVo6teP0kaeJ,2011-10-10,41,290280,0.746,0.00769,0.916,0.811,0.182,0.117,-7.797,0.249,135.045,9,4
Separator (Four Tet RMX),TKOL RMX 1234567,Radiohead,4raxzmnFq93jfKC8c3xcIv,2011-10-10,32,423000,0.461,0.443,0.455,0.641,0.0812,0.375,-12.403,0.0716,113.752,10,4
Sit Down. Stand Up,Hail To the Thief,Radiohead,3wPLVTqp66miOokxN1cLbm,2003,48,259973,0.483,0.0157,0.559,0.491,0.0562,0.52,-7.434,0.0403,161.046,5,4
Skip Divided (Modeselektor Remix),The Eraser Rmxs,Thom Yorke,0Aphl3uGYo7PCoVSGZjnAP,2008,28,338293,0.688,0.42,0.826,0.28,0.084,0.541,-7.603,0.0439,132.008,11,4
Staircase,The Daily Mail / Staircase,Radiohead,2O6h9bcoyqbg9OYTqHJ535,2011-12-19,40,271529,0.367,0.00814,0.877,0.748,0.205,0.807,-8.102,0.033,129.859,9,4
Stop Whispering,Pablo Honey,Radiohead,2zYmvi3w2T8a9Ckrv21bvW,1993-02-22,46,325626,0.212,0.000849,0.696,0.0165,0.129,0.298,-10.059,0.0472,122.37,2,4
Street Spirit (Fade Out),The Bends,Radiohead,5gz38AxRkD6Ywxd4fr2pLj,1995-03-28,62,253853,0.488,0.314,0.453,0.691,0.179,0.129,-11.562,0.0304,138.077,4,4
Stuck Together Pieces,AMOK,Atoms For Peace,6fi8e1nv4QBqODf9puRcyX,2013-02-25,36,328443,0.643,0.154,0.716,0.88,0.139,0.647,-10.484,0.0391,114.984,6,4
Subterranean Homesick Alien,OK Computer,Radiohead,19yGmm9FjEZdZc5j98WDe4,1997-05-28,59,267693,0.316,0.0498,0.592,0.00139,0.103,0.32,-8.916,0.0296,150.537,0,3
Subterranean Homesick Alien - Remastered,OK Computer OKNOTOK 1997 2017,Radiohead,2kDEGoEVHfpNPMOs7IIG5y,2017-06-23,47,269093,0.326,0.0261,0.636,0.00512,0.108,0.256,-7.092,0.0286,149.632,0,3
Sulk,The Bends,Radiohead,4HtPAkZnSyGtNvBnfDc2nw,1995-03-28,51,222960,0.167,0.00397,0.636,0.228,0.106,0.671,-7.4,0.0382,97.293,9,3
Supercollider,Supercollider / The Butcher,Radiohead,72zeFQrDrM8rc73aJ7bJ62,2016-11-18,36,421507,0.502,0.0337,0.342,0.806,0.114,0.266,-16.705,0.0423,181.014,7,4
TKOL (Altrice Rmx),TKOL RMX 1234567,Radiohead,66Pyms4pYaHEcPHZ7DdMbE,2011-10-10,29,362880,0.574,0.0898,0.324,0.856,0.11,0.0382,-16.645,0.0496,99.097,10,4
The Axe,ANIMA,Thom Yorke,0EEcYB2oJsE0WmhmYYh3J4,2019-06-27,38,419413,0.281,0.212,0.618,0.723,0.207,0.141,-11.826,0.0352,69.918,0,3
The Bends,The Bends,Radiohead,3aDUSpF3LexOr1lFKvPV2h,1995-03-28,55,246200,0.288,0.0117,0.757,0.14,0.363,0.311,-8.065,0.0652,89.694,0,4
The Butcher,Supercollider / The Butcher,Radiohead,6jIvShcsrWjHuNpPnkAhb2,2016-11-18,44,275468,0.83,0.255,0.569,0.814,0.0826,0.703,-14.666,0.0877,118.665,11,4
The Clock,The Eraser,Thom Yorke,7aMFgxGAKBCrYdyrY6SMek,2006-07-10,41,253373,0.572,0.203,0.68,0.498,0.137,0.723,-9.927,0.0354,134.074,4,4
The Clock (Surgeon Remix),The Eraser Rmxs,Thom Yorke,4l13TkLaLQtYOTFGG2YxY8,2008,24,383800,0.718,0.012,0.942,0.641,0.109,0.286,-4.65,0.142,133.977,7,4
The Drunkk Machine,Spitting Feathers,Thom Yorke,5U7dhn1yYxEqxcjqL4khCj,2006-11-22,0,246360,0.757,0.0611,0.967,0.813,0.0935,0.0598,-8.018,0.191,115.998,1,4
The Gloaming,Hail To the Thief,Radiohead,2q4zYomFf4ZVrEOr1aXj6l,2003,45,212026,0.44,0.106,0.609,0.11,0.382,0.115,-13.37,0.278,133.243,4,4
The National Anthem,Kid A,Radiohead,01UstUPbzPgq2MNp6h0tVo,2000-10-01,58,351693,0.486,0.00237,0.754,0.858,0.224,0.387,-8.552,0.0378,91.52,2,4
The National Anthem (Live in France),I Might Be Wrong,Radiohead,3bk7mfQWZ0acgp0hXzYQKS,2001,35,297533,0.344,0.00839,0.864,0.767,0.699,0.289,-5.679,0.0385,96.333,2,4
The Tourist,OK Computer,Radiohead,75YUnz58ajMo2VIIuUFvOV,1997-05-28,53,326533,0.241,0.224,0.295,0.0328,0.11,0.0398,-8.571,0.0319,114.759,4,5
The Tourist - Remastered,OK Computer OKNOTOK 1997 2017,Radiohead,5R8pnOmAwKNh4KnvJW2paN,2017-06-23,44,323535,0.248,0.256,0.328,0.0781,0.105,0.0398,-7.477,0.032,114.243,1,5
TheHollowEarth,FeelingPulledApartByHorses,Thom Yorke,0AIgJtsiphW1Aw2Q0Kyla6,2009,27,247327,0.534,0.184,0.735,0.926,0.324,0.703,-9.827,0.0738,177.023,1,4
There Is No Ice (For My Drink),Tomorrow's Modern Boxes,Thom Yorke,6axv9gKBbjnXtfHaj2toHm,2014,34,420004,0.641,0.337,0.496,0.908,0.102,0.396,-13.298,0.0751,124.688,6,4
"There, There",Hail To the Thief,Radiohead,77SPrxY5gn6VPrKPGrfLnM,2003,58,323600,0.614,0.0193,0.677,0.518,0.108,0.717,-8.317,0.0323,126.477,9,4
Traffic,ANIMA,Thom Yorke,1nEDT4DsoaTfexrz8D9zt1,2019-06-27,45,317986,0.768,0.0705,0.42,0.899,0.0937,0.202,-8.55,0.0546,129.016,5,4
True Love Waits (Live In Oslo),I Might Be Wrong,Radiohead,6PbeGqzGdjookqESRgm1AS,2001,52,304920,0.374,0.455,0.483,0.00298,0.689,0.0639,-8.821,0.0367,113.565,5,5
Unless,AMOK,Atoms For Peace,7alFGBi594HZ8ndIBhYFUj,2013-02-25,36,280237,0.581,0.244,0.925,0.876,0.111,0.145,-7.603,0.0572,136.987,6,4
Up On The Ladder,In Rainbows (Disk 2),Radiohead,5sdo1jKC0mpRxamLAuuPOS,2007-12-03,47,257170,0.459,0.00403,0.617,0.573,0.633,0.133,-7.567,0.0285,91.469,5,4
Vegetable,Pablo Honey,Radiohead,11qDTSr3Dj4TkPnBcIOqEJ,1993-02-22,43,192666,0.384,0.00281,0.717,0.569,0.187,0.42,-8.868,0.0339,105.852,6,4
Voiceless Terror,Suspiria (Music for the Luca Guadagnino Film),Thom Yorke,2dM2GD94P5kVtTSYWSslJT,2018-10-26,25,150225,0.173,0.261,0.745,0.609,0.059,0.0361,-11.084,0.151,108.85,6,1
What the Eyeballs Did,Default / What the Eyeballs Did,Atoms For Peace,2X91JLfOqO0tk59PQP3b3V,2012-12-04,24,241883,0.725,9.33e-05,0.779,0.826,0.0737,0.68,-7.323,0.0482,105.671,4,3
Where I End and You Begin,Hail To the Thief,Radiohead,5X3uhutgZktlUWmzIOE3NG,2003,50,269293,0.297,0.0626,0.714,0.859,0.142,0.486,-7.863,0.0351,121.326,8,4
You,Pablo Honey,Radiohead,1MyqLTRhgyWPw7v107BEuI,1993-02-22,52,208666,0.223,0.000945,0.706,0.0068,0.109,0.297,-12.012,0.0581,112.889,9,3
24 Hour Charleston,Bodysong. (Remastered),Jonny Greenwood,6Aif8Px6T49P0nQj7MTfNO,2003,12,159280,0.766,0.00485,0.399,0.753,0.0851,0.0826,-11.988,0.0966,127.116,11,4
A Simple Life,Familial,Philip Selway,4auZ6rtNi6fcer2rX4h4KT,2010-08-30,13,194093,0.609,0.684,0.35,0.175,0.147,0.273,-10.869,0.0322,121.34,3,4
Able-Bodied Seamen,The Master: Original Motion Picture Soundtrack,Jonny Greenwood,01zvmz5rdDupDHQ0ESuAtK,2012-09-10,23,234213,0.556,0.656,0.269,0.714,0.108,0.241,-13.624,0.0683,118.514,10,3
All Eyes on You,Familial,Philip Selway,7IDrbwhj91Hd6Q0VolFYmb,2010-08-31,5,151213,0.651,0.946,0.219,0.132,0.122,0.316,-16.501,0.0326,103.753,4,4
All in All,Running Blind,Philip Selway,15TvaBHy5JB7sNWx2T2Z2I,2011-07-25,2,184347,0.612,0.889,0.277,0.00987,0.0864,0.233,-13.993,0.0348,99.969,2,4
Around Again,Weatherhouse,Philip Selway,7dAD93SAvbSX6A1C7BSUDj,2014-01-29,0,202853,0.467,0.0454,0.631,0.254,0.123,0.189,-7.284,0.0381,141.03,5,4
Around Again (The Acid Remix),Around Again (The Acid Remix),Philip Selway,677gmHatKTg9zIMTAAY5jY,2015-06-09,1,412387,0.752,0.279,0.486,0.728,0.146,0.069,-12.779,0.0492,123.992,7,4
Around Again - The Acid Remix,Around Again (The Acid Remix),Philip Selway,6JNdhtTU4af0f2ItUws7fZ,2015-05-11,7,412387,0.754,0.275,0.485,0.717,0.145,0.0695,-12.776,0.0502,123.998,7,4
Banksters,Earth,EOB,3WjURarf3ODlvegw0KSBqs,2020-04-17,36,308373,0.707,0.0762,0.542,0.269,0.0721,0.748,-9.079,0.0602,146.992,1,1
Barbara Rose,Phantom Thread (Original Motion Picture Soundtrack),Jonny Greenwood,0d5gyNBH2OACCDqGSxu0Dr,2018-01-12,29,279453,0.539,0.892,0.164,0.444,0.107,0.376,-16.621,0.0516,149.876,0,1
Beyond Reason,Familial,Philip Selway,7cPdhDAQJQ5hPxEgdzaBg7,2010-08-31,8,172333,0.745,0.78,0.374,0.066,0.103,0.206,-14.701,0.0347,108.998,2,4
Brasil,Brasil,EOB,68C3GNBXigDseAAgLMitGM,2019-12-05,36,507306,0.358,0.352,0.404,0.536,0.127,0.0798,-14.902,0.043,117.964,10,4
Bring Me Coffee Or Tea - 2011 Remastered,Norwegian Wood OST,Jonny Greenwood,1FVtSY8OvuvtQ6Ym9Ipsmy,2011-01-28,0,409199,0.386,0.832,0.642,0.0212,0.265,0.557,-11.861,0.0455,134.908,4,4
Broken Promises,Familial,Philip Selway,4TVIJ1IPDmWCwcxHBH6Rc8,2010-08-30,8,181906,0.44,0.726,0.154,0.000233,0.506,0.24,-16.051,0.0452,116.115,2,4
By Some Miracle,Familial,Philip Selway,36Il4jy7AdVptgy3bpXF6L,2010-08-30,28,157093,0.42,0.771,0.281,0.485,0.272,0.356,-13.989,0.0389,176.451,0,4
Clockwork Tin Soldiers,Bodysong. (Remastered),Jonny Greenwood,4QetbE27tHpZJlm7T1aJkb,2003,13,229186,0.313,0.168,0.466,7.15e-06,0.341,0.15,-13.694,0.0339,80.643,10,4
Coming Up for Air,Weatherhouse,Philip Selway,6LN6M0vPyT0wQwDTuniisk,2014-10-06,30,218867,0.698,0.306,0.485,0.841,0.101,0.396,-8.935,0.0332,129.859,9,4
Coming up for Air,Weatherhouse,Philip Selway,0HYovXUSw1wR4nWqlAW8vs,2014-01-29,6,218840,0.699,0.314,0.487,0.882,0.103,0.394,-8.804,0.032,129.856,9,4
Convergence,Bodysong. (Remastered),Jonny Greenwood,7LBAHBg4vy9yOJ5MzjUjhC,2003,22,266573,0.674,0.000105,0.61,0.896,0.122,0.354,-12.126,0.243,140.101,0,3
Dark Streets,You Were Never Really Here (Original Motion Picture Soundtrack),Jonny Greenwood,5gt4YkI0qqBvjtRh4zMikZ,2018-03-09,23,112089,0.698,0.0142,0.245,0.912,0.115,0.763,-15.999,0.116,177.006,2,4
Dark Streets (Reprise),You Were Never Really Here (Original Motion Picture Soundtrack),Jonny Greenwood,5QEsKsEGJTGikhd8kS72nd,2018-03-09,14,113129,0.609,0.0449,0.871,0.219,0.194,0.346,-11.284,0.118,99.972,1,1
Dark Streets - Reprise,You Were Never Really Here (Original Motion Picture Soundtrack),Jonny Greenwood,36XXH21to96SfewgZ51qB1,2018-03-09,15,113129,0.643,0.046,0.871,0.234,0.189,0.344,-11.284,0.113,100.002,2,1
Days and Nights,Let Me Go OST,Philip Selway,6A2577W5vDw5QzazxoY4tb,2017-09-15,5,91605,0.625,0.941,0.293,0.573,0.0961,0.0796,-15.083,0.0611,115.877,7,4
Deep Days,Earth,EOB,0Er3BwT1Wop7L9I1OWHkOF,2020-04-17,38,299346,0.776,0.526,0.371,0.556,0.109,0.643,-9.674,0.0303,89.003,0,4
Don't Go Now,Weatherhouse,Philip Selway,70L5fuyiBKaeXqz2U5cThE,2014-01-29,11,175013,0.466,0.832,0.343,0.145,0.144,0.219,-9.952,0.0285,108.044,6,4
Don't Go Now (Elysian Quartet),Weatherhouse,Philip Selway,2poHov1URRfwaY3QNWAxVn,2014-10-06,23,175013,0.444,0.807,0.352,0.164,0.157,0.209,-10.064,0.0286,108.013,6,4
Don't Look Down,Familial,Philip Selway,4YtgEndwQRQyhmW4oGxhaf,2010-08-30,7,303093,0.368,0.665,0.293,0.2,0.0941,0.194,-14.148,0.041,123.392,2,4
Don't Sit Under the Apple Tree (with Anyone Else but Me) (feat. Madisen Beaty),The Master: Original Motion Picture Soundtrack,Jonny Greenwood,4Ps9BJFQfaVGXSEaf3MicZ,2012-09-10,18,96440,0.562,0.978,0.0673,0.0,0.273,0.273,-22.471,0.469,95.037,3,5
"Don't Turn The Light On, Leave Me Alone (from Cream)",Norwegian Wood OST,Jonny Greenwood,1qoN2c6pQnZQEBwwtahHRt,2011-01-28,0,222333,0.585,0.223,0.666,0.335,0.124,0.548,-10.274,0.0388,99.745,2,4
Downstairs,You Were Never Really Here (Original Motion Picture Soundtrack),Jonny Greenwood,1wxRjsQyKxBRqkrXivfodC,2018-03-09,11,50235,0.581,0.163,0.42,0.777,0.251,0.149,-13.955,0.101,93.943,2,3
Drawn to the Light,Weatherhouse,Philip Selway,0UvmMGxOggpnjfSlb0YbRw,2014-01-29,0,266080,0.478,0.914,0.42,0.308,0.0869,0.137,-11.677,0.0242,99.947,5,4
Every Spit and Cough,Running Blind,Philip Selway,4AXn1BifBKdC1yedmAJGdC,2011-07-25,2,249856,0.317,0.501,0.329,0.312,0.116,0.441,-11.376,0.0293,179.603,5,3
Falling,Familial,Philip Selway,39SheqV8APngFn6bDwl0Gh,2010-08-30,8,193760,0.453,0.585,0.183,0.509,0.125,0.165,-15.287,0.0281,97.345,5,4
Ghosts,Weatherhouse,Philip Selway,4Ja4zadOQC0ySVdbkFgLwx,2014-01-29,0,192186,0.365,0.661,0.61,0.00512,0.35,0.196,-12.241,0.0445,130.45,5,3
Greenwood: 48 Responses to Polymorphia: Pacay Tree,Penderecki & Greenwood: Threnody for the Victims of Hiroshima / Popcorn Superhet Receiver / Polymorphia / 48 Responses to Polymorphia,Jonny Greenwood,7dZtlIE3BBGzsbKbVE2Djo,2012-03-09,9,212960,0.54,0.202,0.496,0.7,0.403,0.196,-19.612,0.095,128.748,4,4
"Greenwood: Popcorn Superhet Receiver:, Pt. 2 B",Penderecki & Greenwood: Threnody for the Victims of Hiroshima / Popcorn Superhet Receiver / Polymorphia / 48 Responses to Polymorphia,Jonny Greenwood,6kTTqKKfbeJv4LE4tlrLLo,2012-03-09,11,112813,0.619,0.782,0.641,0.959,0.151,0.931,-20.324,0.11,156.11,7,4
Hammer and Tape,You Were Never Really Here (Original Motion Picture Soundtrack),Jonny Greenwood,4vro6clGmZRSK2web22INs,2018-03-09,15,82822,0.708,0.65,0.333,0.000218,0.153,0.964,-17.619,0.0392,150.093,5,3
Iron Swallow,Bodysong. (Remastered),Jonny Greenwood,371udvSkYKcpe21308wEmX,2003,15,129706,0.221,0.384,0.233,0.105,0.39,0.0808,-11.594,0.0398,84.379,1,3
It Will End in Tears,Weatherhouse,Philip Selway,2V6iPlNIyTQiK0Zj8PyPp6,2014-10-06,13,195386,0.5,0.108,0.483,0.00602,0.106,0.0913,-8.565,0.0271,134.908,9,4
Let It Go,Weatherhouse,Philip Selway,57VmxRjXv1I3M4AAqOmLoE,2014-10-07,4,192533,0.421,0.0424,0.566,0.0104,0.157,0.175,-9.359,0.0278,79.632,1,4
Let Me Go,Let Me Go OST,Philip Selway,1DbFKhneu8xfI5wwr1N9rn,2017-09-15,9,190870,0.246,0.844,0.295,0.00457,0.102,0.124,-12.197,0.0313,87.071,8,3
Long Time Coming,Earth,EOB,1rLQ5csdpZJU01baSqP4uI,2020-04-17,36,170533,0.388,0.791,0.392,0.4,0.107,0.362,-14.748,0.0342,103.169,2,4
"Mary, Mary So Contrary",Norwegian Wood OST,Jonny Greenwood,6sC8vGoPVzGroZF4hTi3rD,2011-01-28,0,374226,0.256,0.00019,0.444,0.13,0.143,0.25,-8.985,0.0275,138.707,7,4
Miles Away,Weatherhouse,Philip Selway,0QjJK7vCJeiZTzo5iOp8MV,2014-10-06,10,276560,0.564,0.405,0.355,0.927,0.112,0.0301,-11.07,0.0338,80.988,7,4
Milky Drops from Heaven,Bodysong. (Remastered),Jonny Greenwood,3yged26pffaQqlNPnPWQYG,2003,11,284840,0.336,0.524,0.698,0.883,0.107,0.313,-12.828,0.288,130.921,2,4
Nausea,You Were Never Really Here (Original Motion Picture Soundtrack),Jonny Greenwood,1oJsANfP7G4ExjzpydyW6Q,2018-03-09,17,109795,0.507,0.000194,0.482,0.801,0.114,0.862,-12.002,0.0335,129.96,9,4
No Other Love (feat. Jo Stafford),The Master: Original Motion Picture Soundtrack,Jonny Greenwood,1P5y5njqYWr5qXnvSTKTij,2012-09-10,37,177853,0.418,0.975,0.0585,0.00287,0.115,0.236,-15.772,0.0329,98.185,8,4
Nudnik Headache,Bodysong. (Remastered),Jonny Greenwood,68loColhiv5AeQMT6jlAp4,2003,12,136253,0.759,0.66,0.923,0.887,0.203,0.0355,-11.703,0.0604,153.019,0,1
Oil,There Will Be Blood (Music from the Motion Picture),Jonny Greenwood,2AfRHkNaHtH6HvLy5GVxD5,2007-12-18,22,185626,0.178,0.73,0.246,0.0392,0.0544,0.0334,-14.327,0.0427,82.209,1,3
Olympik,Earth,EOB,6eKeuLRPiVSCO4p1OsFirm,2020-04-17,39,518986,0.631,0.0363,0.876,0.804,0.09,0.739,-8.569,0.0454,119.989,7,4
Olympik - Spike Stent Edit,Olympik,EOB,6a8bMi1XSRIW5G8zRPtp2s,2020-04-02,20,246376,0.664,0.0737,0.944,0.56,0.112,0.591,-6.497,0.0702,120.003,7,4
Patron Saint,Familial,Philip Selway,2dS1x4rU5cQXa9PGcYRqYd,2010-08-30,9,207853,0.563,0.95,0.231,0.435,0.109,0.302,-15.73,0.0338,110.38,3,4
Proven Lands,There Will Be Blood (Music from the Motion Picture),Jonny Greenwood,2hU4G919MDVb9FhhPJujRf,2007-12-18,24,112186,0.767,0.854,0.447,0.906,0.131,0.865,-17.438,0.124,154.25,7,4
Running Blind,Running Blind,Philip Selway,3piPS9VeSdVlDLsIbKkbrt,2011-07-25,4,258776,0.636,0.894,0.337,0.0417,0.118,0.153,-12.005,0.028,99.673,7,4
Sail On,Earth,EOB,2f2YpU0kf9qbx7X4c2X2L8,2020-04-17,34,207813,0.254,0.897,0.327,0.0289,0.103,0.0667,-17.022,0.0401,137.455,4,3
Sandy's Necklace,You Were Never Really Here (Original Motion Picture Soundtrack),Jonny Greenwood,0ALbrndx47oHMD4U3OEiS2,2018-03-09,20,227995,0.452,0.834,0.441,0.141,0.0998,0.0473,-10.281,0.0621,94.571,2,4
Shangri-La,Shangri-La,EOB,5h1rJXqX19bGpIrypJiOrI,2020-02-06,38,347560,0.743,0.302,0.574,0.0237,0.106,0.664,-8.533,0.0377,127.718,9,4
Shangri-La - Spike Stent Edit,Shangri-La,EOB,1sWEyV5Dd6fW5je5OwZvml,2020-03-17,21,236189,0.739,0.0444,0.714,0.00665,0.102,0.685,-4.813,0.0306,127.705,9,4
"Sougen, Kaze, Zoukibayashi",Norwegian Wood OST,Jonny Greenwood,24WVRAzoX8ouWVighCD4hw,2011-01-28,13,97906,0.229,0.0285,0.151,0.114,0.132,0.0345,-26.405,0.0421,90.957,6,4
Splitter,Bodysong. (Remastered),Jonny Greenwood,2zXJC0cYs73vHUupwZ2TUi,2003,13,237386,0.237,0.0041,0.664,0.884,0.625,0.313,-9.217,0.0395,86.049,2,3
The Ties That Bind Us,Familial,Philip Selway,6tiD4hltMhMoS3JznXS863,2010-08-31,4,221080,0.602,0.878,0.291,0.00643,0.109,0.209,-13.221,0.0345,115.723,2,4
The Witching Hour,Familial,Philip Selway,11wNAKo3C9cXag13G9XhUN,2010-08-30,8,174440,0.331,0.941,0.111,0.0265,0.185,0.149,-17.263,0.0352,183.419,8,4
Three Miniatures From Water,Octatonic Volume 2,Jonny Greenwood,1Ycp1vB4QduvwaKRnDogUM,2019-09-24,15,817053,0.167,0.349,0.126,0.0636,0.084,0.0614,-20.542,0.0364,139.114,8,4
Turning It Inside Out,Weatherhouse,Philip Selway,75iiRWvSubMBmZ5yqGZWMS,2014-01-29,0,250560,0.424,0.803,0.54,0.023,0.0901,0.266,-11.555,0.0357,95.855,2,4
Walk,Walk,Philip Selway,4jBRVWFwNjhgZlHCs74uUO,2017-09-13,2,281799,0.68,0.143,0.584,0.0733,0.244,0.196,-8.961,0.0275,111.034,4,4
What Goes Around,Running Blind,Philip Selway,6za2R00v6bQKPrNZcYS8b3,2011-07-25,2,235763,0.563,0.687,0.357,0.00141,0.094,0.221,-10.878,0.0368,80.64,7,4
Wide Open,Let Me Go OST,Philip Selway,3k3OIHLBNefcM7GeyMUYla,2017-09-15,7,110784,0.662,0.869,0.205,0.0203,0.105,0.0647,-15.881,0.0303,110.572,4,4
